#
# There is insufficient memory for the Java Runtime Environment to continue.
# Native memory allocation (malloc) failed to allocate 314784 bytes. Error detail: Chunk::new
# Possible reasons:
#   The system is out of physical RAM or swap space
#   This process is running with CompressedOops enabled, and the Java Heap may be blocking the growth of the native heap
# Possible solutions:
#   Reduce memory load on the system
#   Increase physical memory or swap space
#   Check if swap backing store is full
#   Decrease Java heap size (-Xmx/-Xms)
#   Decrease number of Java threads
#   Decrease Java thread stack sizes (-Xss)
#   Set larger code cache with -XX:ReservedCodeCacheSize=
#   JVM is running with Unscaled Compressed Oops mode in which the Java heap is
#     placed in the first 4GB address space. The Java Heap base address is the
#     maximum limit for the native heap growth. Please use -XX:HeapBaseMinAddress
#     to set the Java Heap base and to place the Java Heap above 4GB virtual address.
# This output file may be truncated or incomplete.
#
#  Out of Memory Error (arena.cpp:168), pid=12104, tid=17512
#
# JRE version: OpenJDK Runtime Environment Temurin-21.0.9+10 (21.0.9+10) (build 21.0.9+10-LTS)
# Java VM: OpenJDK 64-Bit Server VM Temurin-21.0.9+10 (21.0.9+10-LTS, mixed mode, sharing, tiered, compressed oops, compressed class ptrs, parallel gc, windows-amd64)
# No core dump will be written. Minidumps are not enabled by default on client versions of Windows
#

---------------  S U M M A R Y ------------

Command Line: --add-modules=ALL-SYSTEM --add-opens=java.base/java.util=ALL-UNNAMED --add-opens=java.base/java.lang=ALL-UNNAMED --add-opens=java.base/sun.nio.fs=ALL-UNNAMED -Declipse.application=org.eclipse.jdt.ls.core.id1 -Dosgi.bundles.defaultStartLevel=4 -Declipse.product=org.eclipse.jdt.ls.core.product -Djava.import.generatesMetadataFilesAtProjectRoot=false -DDetectVMInstallationsJob.disabled=true -Dfile.encoding=utf8 -XX:+UseParallelGC -XX:GCTimeRatio=4 -XX:AdaptiveSizePolicyWeight=90 -Dsun.zip.disableMemoryMapping=true -Xmx2G -Xms100m -Xlog:disable -javaagent:c:\Users\arjun\.vscode\extensions\redhat.java-1.49.0-win32-x64\lombok\lombok-1.18.39-4050.jar -XX:+HeapDumpOnOutOfMemoryError -XX:HeapDumpPath=c:\Users\arjun\AppData\Roaming\Code\User\workspaceStorage\d115118c762e4da443f6de4e82cb39ad\redhat.java -Daether.dependencyCollector.impl=bf c:\Users\arjun\.vscode\extensions\redhat.java-1.49.0-win32-x64\server\plugins\org.eclipse.equinox.launcher_1.7.100.v20251111-0406.jar -configuration c:\Users\arjun\AppData\Roaming\Code\User\globalStorage\redhat.java\1.49.0\config_win -data c:\Users\arjun\AppData\Roaming\Code\User\workspaceStorage\d115118c762e4da443f6de4e82cb39ad\redhat.java\jdt_ws --pipe=\\.\pipe\lsp-7685cf49df6ffb086fa89a8fda712b98-sock

Host: Intel(R) Core(TM) i7-8565U CPU @ 1.80GHz, 8 cores, 7G,  Windows 11 , 64 bit Build 26100 (10.0.26100.9168)
Time: Sat Sep  5 12:35:20 2026 India Standard Time elapsed time: 9.403141 seconds (0d 0h 0m 9s)

---------------  T H R E A D  ---------------

Current thread (0x000002a7a0aa69b0):  JavaThread "Start Level: Equinox Container: 158b4d07-0785-4401-872c-9e99829a0670" daemon [_thread_in_vm, id=17512, stack(0x000000eaba300000,0x000000eaba400000) (1024K)]

Stack: [0x000000eaba300000,0x000000eaba400000]
Native frames: (J=compiled Java code, j=interpreted, Vv=VM code, C=native code)
V  [jvm.dll+0x6d6e29]
V  [jvm.dll+0x8b4b76]
V  [jvm.dll+0x8b712e]
V  [jvm.dll+0x8b7813]
V  [jvm.dll+0x283d86]
V  [jvm.dll+0xc66ed]
V  [jvm.dll+0xc6c31]
V  [jvm.dll+0x58fd26]
V  [jvm.dll+0x5b5971]
V  [jvm.dll+0x82dee6]
V  [jvm.dll+0x478438]
V  [jvm.dll+0x47e268]
C  [java.dll+0x17ec]

Java frames: (J=compiled Java code, j=interpreted, Vv=VM code)
J 1102  java.lang.ClassLoader.defineClass1(Ljava/lang/ClassLoader;Ljava/lang/String;[BIILjava/security/ProtectionDomain;Ljava/lang/String;)Ljava/lang/Class; java.base@21.0.9 (0 bytes) @ 0x000002a74d8e0491 [0x000002a74d8e03c0+0x00000000000000d1]
J 1826 c1 java.lang.ClassLoader.defineClass(Ljava/lang/String;[BIILjava/security/ProtectionDomain;)Ljava/lang/Class; java.base@21.0.9 (43 bytes) @ 0x000002a7460c60fc [0x000002a7460c5da0+0x000000000000035c]
J 3061 c1 org.eclipse.osgi.internal.loader.ModuleClassLoader.defineClass(Ljava/lang/String;[BLorg/eclipse/osgi/internal/loader/classpath/ClasspathEntry;)Lorg/eclipse/osgi/internal/loader/ModuleClassLoader$DefineClassResult; (67 bytes) @ 0x000002a7463a173c [0x000002a7463a1420+0x000000000000031c]
J 2964 c1 org.eclipse.osgi.internal.loader.classpath.ClasspathManager.defineClass(Ljava/lang/String;[BLorg/eclipse/osgi/internal/loader/classpath/ClasspathEntry;Lorg/eclipse/osgi/storage/bundlefile/BundleEntry;Ljava/util/List;)Ljava/lang/Class; (636 bytes) @ 0x000002a746356ff4 [0x000002a746355540+0x0000000000001ab4]
J 2974 c1 org.eclipse.osgi.internal.loader.classpath.ClasspathManager.findClassImpl(Ljava/lang/String;Lorg/eclipse/osgi/internal/loader/classpath/ClasspathEntry;Ljava/util/List;)Ljava/lang/Class; (328 bytes) @ 0x000002a74636ca24 [0x000002a746369700+0x0000000000003324]
J 2973 c1 org.eclipse.osgi.internal.loader.classpath.ClasspathManager.findLocalClassImpl(Ljava/lang/String;[Lorg/eclipse/osgi/internal/loader/classpath/ClasspathEntry;Ljava/util/List;)Ljava/lang/Class; (55 bytes) @ 0x000002a746367f64 [0x000002a746367de0+0x0000000000000184]
J 3057 c1 org.eclipse.osgi.internal.loader.classpath.ClasspathManager.findLocalClassImpl(Ljava/lang/String;Ljava/util/List;)Ljava/lang/Class; (132 bytes) @ 0x000002a74639e514 [0x000002a74639dfe0+0x0000000000000534]
J 2468 c1 org.eclipse.osgi.internal.loader.classpath.ClasspathManager.findLocalClass(Ljava/lang/String;)Ljava/lang/Class; (210 bytes) @ 0x000002a74621dda4 [0x000002a74621d0e0+0x0000000000000cc4]
J 2466 c1 org.eclipse.osgi.internal.loader.BundleLoader.findLocalClass(Ljava/lang/String;)Ljava/lang/Class; (159 bytes) @ 0x000002a74621aacc [0x000002a746219ee0+0x0000000000000bec]
J 2972 c1 org.eclipse.osgi.internal.loader.sources.SingleSourcePackage.loadClass(Ljava/lang/String;)Ljava/lang/Class; (9 bytes) @ 0x000002a7463730cc [0x000002a746372fc0+0x000000000000010c]
J 2422 c1 org.eclipse.osgi.internal.loader.BundleLoader.findClass0(Ljava/lang/String;ZZ)Ljava/lang/Class; (490 bytes) @ 0x000002a7461ff464 [0x000002a7461fc3c0+0x00000000000030a4]
J 2421 c1 org.eclipse.osgi.internal.loader.BundleLoader.findClass(Ljava/lang/String;)Ljava/lang/Class; (8 bytes) @ 0x000002a7461fb9cc [0x000002a7461fb940+0x000000000000008c]
J 2387 c1 org.eclipse.osgi.internal.loader.ModuleClassLoader.loadClass(Ljava/lang/String;Z)Ljava/lang/Class; (36 bytes) @ 0x000002a7461dda4c [0x000002a7461dd820+0x000000000000022c]
J 4140 c2 java.lang.ClassLoader.loadClass(Ljava/lang/String;)Ljava/lang/Class; java.base@21.0.9 (7 bytes) @ 0x000002a74da4776c [0x000002a74da47720+0x000000000000004c]
v  ~StubRoutines::call_stub 0x000002a74d2d100d
j  org.eclipse.jdt.internal.core.JavaModelManager$8.optionsChanged(Lorg/eclipse/osgi/service/debug/DebugOptions;)V+654
j  org.eclipse.osgi.internal.debug.FrameworkDebugOptions.addingService(Lorg/osgi/framework/ServiceReference;)Lorg/eclipse/osgi/service/debug/DebugOptionsListener;+16
j  org.eclipse.osgi.internal.debug.FrameworkDebugOptions.addingService(Lorg/osgi/framework/ServiceReference;)Ljava/lang/Object;+5
j  org.osgi.util.tracker.ServiceTracker$Tracked.customizerAdding(Lorg/osgi/framework/ServiceReference;Lorg/osgi/framework/ServiceEvent;)Ljava/lang/Object;+8
j  org.osgi.util.tracker.ServiceTracker$Tracked.customizerAdding(Ljava/lang/Object;Ljava/lang/Object;)Ljava/lang/Object;+9
J 3040 c1 org.osgi.util.tracker.AbstractTracked.trackAdding(Ljava/lang/Object;Ljava/lang/Object;)V (167 bytes) @ 0x000002a746394b8c [0x000002a746394a60+0x000000000000012c]
j  org.osgi.util.tracker.AbstractTracked.track(Ljava/lang/Object;Ljava/lang/Object;)V+83
j  org.osgi.util.tracker.ServiceTracker$Tracked.serviceChanged(Lorg/osgi/framework/ServiceEvent;)V+67
J 2404 c1 org.eclipse.osgi.internal.serviceregistry.FilteredServiceListener.serviceChanged(Lorg/osgi/framework/ServiceEvent;)V (296 bytes) @ 0x000002a7461e9034 [0x000002a7461e6720+0x0000000000002914]
J 2411 c1 org.eclipse.osgi.internal.framework.BundleContextImpl.dispatchEvent(Ljava/lang/Object;Ljava/lang/Object;ILjava/lang/Object;)V (577 bytes) @ 0x000002a7461f2154 [0x000002a7461ee880+0x00000000000038d4]
J 2849 c1 org.eclipse.osgi.framework.eventmgr.EventManager.dispatchEvent(Ljava/util/Set;Lorg/eclipse/osgi/framework/eventmgr/EventDispatcher;ILjava/lang/Object;)V (69 bytes) @ 0x000002a746318754 [0x000002a746318240+0x0000000000000514]
j  org.eclipse.osgi.framework.eventmgr.ListenerQueue.dispatchEventSynchronous(ILjava/lang/Object;)V+67
j  org.eclipse.osgi.internal.serviceregistry.ServiceRegistry.publishServiceEventPrivileged(Lorg/osgi/framework/ServiceEvent;)V+320
j  org.eclipse.osgi.internal.serviceregistry.ServiceRegistry.publishServiceEvent(Lorg/osgi/framework/ServiceEvent;)V+8
j  org.eclipse.osgi.internal.serviceregistry.ServiceRegistrationImpl.register(Ljava/util/Dictionary;)V+137
j  org.eclipse.osgi.internal.serviceregistry.ServiceRegistry.registerService(Lorg/eclipse/osgi/internal/framework/BundleContextImpl;[Ljava/lang/String;Ljava/lang/Object;Ljava/util/Dictionary;)Lorg/eclipse/osgi/internal/serviceregistry/ServiceRegistrationImpl;+317
j  org.eclipse.osgi.internal.framework.BundleContextImpl.registerService([Ljava/lang/String;Ljava/lang/Object;Ljava/util/Dictionary;)Lorg/osgi/framework/ServiceRegistration;+15
j  org.eclipse.osgi.internal.framework.BundleContextImpl.registerService(Ljava/lang/String;Ljava/lang/Object;Ljava/util/Dictionary;)Lorg/osgi/framework/ServiceRegistration;+15
j  org.eclipse.osgi.internal.framework.BundleContextImpl.registerService(Ljava/lang/Class;Ljava/lang/Object;Ljava/util/Dictionary;)Lorg/osgi/framework/ServiceRegistration;+7
j  org.eclipse.jdt.internal.core.JavaModelManager.registerDebugOptionsListener(Lorg/osgi/framework/BundleContext;)V+32
j  org.eclipse.jdt.core.JavaCore.start(Lorg/osgi/framework/BundleContext;)V+6
j  org.eclipse.osgi.internal.framework.BundleContextImpl$2.run()Ljava/lang/Void;+23
j  org.eclipse.osgi.internal.framework.BundleContextImpl$2.run()Ljava/lang/Object;+1
J 1136 c1 java.security.AccessController.executePrivileged(Ljava/security/PrivilegedExceptionAction;Ljava/security/AccessControlContext;Ljava/lang/Class;)Ljava/lang/Object; java.base@21.0.9 (65 bytes) @ 0x000002a745f64244 [0x000002a745f640e0+0x0000000000000164]
j  java.security.AccessController.doPrivileged(Ljava/security/PrivilegedExceptionAction;)Ljava/lang/Object;+9 java.base@21.0.9
j  org.eclipse.osgi.internal.framework.BundleContextImpl.startActivator(Lorg/osgi/framework/BundleActivator;)V+9
j  org.eclipse.osgi.internal.framework.BundleContextImpl.start()V+141
j  org.eclipse.osgi.internal.framework.EquinoxBundle.startWorker0()V+35
j  org.eclipse.osgi.internal.framework.EquinoxBundle$EquinoxModule.startWorker()V+4
j  org.eclipse.osgi.container.Module.doStart([Lorg/eclipse/osgi/container/Module$StartOptions;)Lorg/eclipse/osgi/container/ModuleContainerAdaptor$ModuleEvent;+200
J 3108 c1 org.eclipse.osgi.container.Module.start([Lorg/eclipse/osgi/container/Module$StartOptions;)V (662 bytes) @ 0x000002a7463ba504 [0x000002a7463b8440+0x00000000000020c4]
J 3175 c1 org.eclipse.osgi.framework.util.SecureAction.start(Lorg/eclipse/osgi/container/Module;[Lorg/eclipse/osgi/container/Module$StartOptions;)V (61 bytes) @ 0x000002a7463dfd9c [0x000002a7463dfbe0+0x00000000000001bc]
J 2859 c1 org.eclipse.osgi.internal.hooks.EclipseLazyStarter.postFindLocalClass(Ljava/lang/String;Ljava/lang/Class;Lorg/eclipse/osgi/internal/loader/classpath/ClasspathManager;)V (394 bytes) @ 0x000002a7463208d4 [0x000002a74631f900+0x0000000000000fd4]
J 2468 c1 org.eclipse.osgi.internal.loader.classpath.ClasspathManager.findLocalClass(Ljava/lang/String;)Ljava/lang/Class; (210 bytes) @ 0x000002a74621e0f4 [0x000002a74621d0e0+0x0000000000001014]
J 2466 c1 org.eclipse.osgi.internal.loader.BundleLoader.findLocalClass(Ljava/lang/String;)Ljava/lang/Class; (159 bytes) @ 0x000002a74621aacc [0x000002a746219ee0+0x0000000000000bec]
J 2972 c1 org.eclipse.osgi.internal.loader.sources.SingleSourcePackage.loadClass(Ljava/lang/String;)Ljava/lang/Class; (9 bytes) @ 0x000002a7463730cc [0x000002a746372fc0+0x000000000000010c]
J 2422 c1 org.eclipse.osgi.internal.loader.BundleLoader.findClass0(Ljava/lang/String;ZZ)Ljava/lang/Class; (490 bytes) @ 0x000002a7461ff464 [0x000002a7461fc3c0+0x00000000000030a4]
J 2421 c1 org.eclipse.osgi.internal.loader.BundleLoader.findClass(Ljava/lang/String;)Ljava/lang/Class; (8 bytes) @ 0x000002a7461fb9cc [0x000002a7461fb940+0x000000000000008c]
J 2387 c1 org.eclipse.osgi.internal.loader.ModuleClassLoader.loadClass(Ljava/lang/String;Z)Ljava/lang/Class; (36 bytes) @ 0x000002a7461dda4c [0x000002a7461dd820+0x000000000000022c]
J 4140 c2 java.lang.ClassLoader.loadClass(Ljava/lang/String;)Ljava/lang/Class; java.base@21.0.9 (7 bytes) @ 0x000002a74da4776c [0x000002a74da47720+0x000000000000004c]
v  ~StubRoutines::call_stub 0x000002a74d2d100d
j  java.lang.Class.getDeclaredConstructors0(Z)[Ljava/lang/reflect/Constructor;+0 java.base@21.0.9
j  java.lang.Class.privateGetDeclaredConstructors(Z)[Ljava/lang/reflect/Constructor;+52 java.base@21.0.9
j  java.lang.Class.getConstructor0([Ljava/lang/Class;I)Ljava/lang/reflect/Constructor;+14 java.base@21.0.9
j  java.lang.Class.getConstructor([Ljava/lang/Class;)Ljava/lang/reflect/Constructor;+24 java.base@21.0.9
j  org.eclipse.osgi.internal.framework.BundleContextImpl.loadBundleActivator()Lorg/osgi/framework/BundleActivator;+105
j  org.eclipse.osgi.internal.framework.BundleContextImpl.start()V+18
j  org.eclipse.osgi.internal.framework.EquinoxBundle.startWorker0()V+35
j  org.eclipse.osgi.internal.framework.EquinoxBundle$EquinoxModule.startWorker()V+4
j  org.eclipse.osgi.container.Module.doStart([Lorg/eclipse/osgi/container/Module$StartOptions;)Lorg/eclipse/osgi/container/ModuleContainerAdaptor$ModuleEvent;+200
j  org.eclipse.osgi.container.Module.start([Lorg/eclipse/osgi/container/Module$StartOptions;)V+460
j  org.eclipse.osgi.container.ModuleContainer$ContainerStartLevel$2.run()V+83
j  org.eclipse.osgi.internal.framework.EquinoxContainerAdaptor$1$1.execute(Ljava/lang/Runnable;)V+1
j  org.eclipse.osgi.container.ModuleContainer$ContainerStartLevel.incStartLevel(ILjava/util/List;Z)V+193
j  org.eclipse.osgi.container.ModuleContainer$ContainerStartLevel.incStartLevel(ILjava/util/List;Ljava/util/List;Ljava/util/List;Ljava/util/List;)V+19
j  org.eclipse.osgi.container.ModuleContainer$ContainerStartLevel.doContainerStartLevel(Lorg/eclipse/osgi/container/Module;I[Lorg/osgi/framework/FrameworkListener;)V+358
j  org.eclipse.osgi.container.ModuleContainer$ContainerStartLevel.dispatchEvent(Lorg/eclipse/osgi/container/Module;[Lorg/osgi/framework/FrameworkListener;ILjava/lang/Integer;)V+32
j  org.eclipse.osgi.container.ModuleContainer$ContainerStartLevel.dispatchEvent(Ljava/lang/Object;Ljava/lang/Object;ILjava/lang/Object;)V+15
j  org.eclipse.osgi.framework.eventmgr.EventManager.dispatchEvent(Ljava/util/Set;Lorg/eclipse/osgi/framework/eventmgr/EventDispatcher;ILjava/lang/Object;)V+48
j  org.eclipse.osgi.framework.eventmgr.EventManager$EventThread.run()V+26
v  ~StubRoutines::call_stub 0x000002a74d2d100d

Compiled method (n/a) 9427 1102     n 0       java.lang.ClassLoader::defineClass1 (native)
 total in heap  [0x000002a74d8e0210,0x000002a74d8e0698] = 1160
 relocation     [0x000002a74d8e0370,0x000002a74d8e03a8] = 56
 main code      [0x000002a74d8e03c0,0x000002a74d8e0696] = 726
 stub code      [0x000002a74d8e0696,0x000002a74d8e0698] = 2

[Constant Pool (empty)]

[MachCode]
[Entry Point]
  # {method} {0x000002a75a436820} 'defineClass1' '(Ljava/lang/ClassLoader;Ljava/lang/String;[BIILjava/security/ProtectionDomain;Ljava/lang/String;)Ljava/lang/Class;' in 'java/lang/ClassLoader'
  # parm0:    rdx:rdx   = 'java/lang/ClassLoader'
  # parm1:    r8:r8     = 'java/lang/String'
  # parm2:    r9:r9     = '[B'
  # parm3:    rdi       = int
  # parm4:    rsi       = int
  # parm5:    rcx:rcx   = 'java/security/ProtectionDomain'
  # parm6:    [sp+0xa0]   = 'java/lang/String'  (sp of caller)
  0x000002a74d8e03c0: 448b 5208 | 49bb 0000 | 005a a702 | 0000 4d03 | d349 3bc2 | 0f84 0600 

  0x000002a74d8e03d8: ;   {runtime_call ic_miss_stub}
  0x000002a74d8e03d8: 0000 e9a1 | e0a3 ff90 
[Verified Entry Point]
  0x000002a74d8e03e0: 8984 2400 | 80ff ff55 | 488b ec48 | 81ec 9000 | 0000 6690 | 4181 7f20 | 0200 0000 

  0x000002a74d8e03fc: ;   {runtime_call StubRoutines (final stubs)}
  0x000002a74d8e03fc: 7405 e8dd | 85a2 ff48 | 837d 1000 | 488d 4510 | 480f 4445 | 1048 8944 | 2440 4889 | 4c24 7048 
  0x000002a74d8e041c: 83f9 0048 | 8d44 2470 | 480f 4444 | 2470 4889 | 4424 3848 | 8974 2430 | 4889 7c24 | 284c 894c 
  0x000002a74d8e043c: 2458 4983 | f900 488d | 4424 5848 | 0f44 4424 | 5848 8944 | 2420 4c89 | 4424 5049 | 83f8 004c 
  0x000002a74d8e045c: 8d4c 2450 | 4c0f 444c | 2450 4889 | 5424 4848 | 83fa 004c | 8d44 2448 | 4c0f 4444 

  0x000002a74d8e0478: ;   {oop(a 'java/lang/Class'{0x00000000800009b0} = 'java/lang/ClassLoader')}
  0x000002a74d8e0478: 2448 49be | b009 0080 | 0000 0000 | 4c89 7424 | 784c 8d74 | 2478 498b | d6c5 f877 

  0x000002a74d8e0494: ;   {internal_word}
  0x000002a74d8e0494: 49ba 9104 | 8e4d a702 | 0000 4d89 | 97a0 0300 | 0049 89a7 | 9803 0000 

  0x000002a74d8e04ac: ;   {external_word}
  0x000002a74d8e04ac: 49ba cf4d | 5566 f87f | 0000 4180 | 3a00 0f84 | 4e00 0000 | 5241 5041 

  0x000002a74d8e04c4: ;   {metadata({method} {0x000002a75a436820} 'defineClass1' '(Ljava/lang/ClassLoader;Ljava/lang/String;[BIILjava/security/ProtectionDomain;Ljava/lang/String;)Ljava/lang/Class;' in 'java/lang/ClassLoader')}
  0x000002a74d8e04c4: 5148 ba18 | 6843 5aa7 | 0200 0049 | 8bcf 4883 | ec20 40f6 | c40f 0f84 | 1900 0000 | 4883 ec08 
  0x000002a74d8e04e4: ;   {runtime_call}
  0x000002a74d8e04e4: 48b8 40d5 | fe65 f87f | 0000 ffd0 | 4883 c408 | e90c 0000 

  0x000002a74d8e04f8: ;   {runtime_call}
  0x000002a74d8e04f8: 0048 b840 | d5fe 65f8 | 7f00 00ff | d048 83c4 | 2041 5941 | 585a 498d | 8fb8 0300 | 0041 c787 
  0x000002a74d8e0518: 4404 0000 | 0400 0000 

  0x000002a74d8e0520: ;   {runtime_call}
  0x000002a74d8e0520: 48b8 ac16 | dbb5 f87f | 0000 ffd0 | c5f8 7741 | c787 4404 | 0000 0500 | 0000 f083 | 4424 c000 
  0x000002a74d8e0540: 493b af48 | 0400 000f | 870e 0000 | 0041 83bf | 4004 0000 | 000f 842b | 0000 00c5 | f877 4889 
  0x000002a74d8e0560: 45f8 498b | cf4c 8be4 | 4883 ec20 | 4883 e4f0 

  0x000002a74d8e0570: ;   {runtime_call}
  0x000002a74d8e0570: 48b8 e04b | ca65 f87f | 0000 ffd0 | 498b e44d | 33e4 488b | 45f8 41c7 | 8744 0400 | 0008 0000 
  0x000002a74d8e0590: 0041 83bf | c004 0000 | 020f 84ca 

  0x000002a74d8e059c: ;   {external_word}
  0x000002a74d8e059c: 0000 0049 | bacf 4d55 | 66f8 7f00 | 0041 803a | 000f 844c | 0000 0048 

  0x000002a74d8e05b4: ;   {metadata({method} {0x000002a75a436820} 'defineClass1' '(Ljava/lang/ClassLoader;Ljava/lang/String;[BIILjava/security/ProtectionDomain;Ljava/lang/String;)Ljava/lang/Class;' in 'java/lang/ClassLoader')}
  0x000002a74d8e05b4: 8945 f848 | ba18 6843 | 5aa7 0200 | 0049 8bcf | 4883 ec20 | 40f6 c40f | 0f84 1900 | 0000 4883 
  0x000002a74d8e05d4: ;   {runtime_call}
  0x000002a74d8e05d4: ec08 48b8 | 40d5 fe65 | f87f 0000 | ffd0 4883 | c408 e90c 

  0x000002a74d8e05e8: ;   {runtime_call}
  0x000002a74d8e05e8: 0000 0048 | b840 d5fe | 65f8 7f00 | 00ff d048 | 83c4 2048 | 8b45 f849 | c787 9803 | 0000 0000 
  0x000002a74d8e0608: 0000 49c7 | 87a0 0300 | 0000 0000 | 00c5 f877 | 4885 c00f | 8425 0000 | 00a8 030f | 8508 0000 
  0x000002a74d8e0628: 0048 8b00 | e915 0000 | 00a8 010f | 8509 0000 | 0048 8b40 | fee9 0400 | 0000 488b | 40ff 498b 
  0x000002a74d8e0648: 8f28 0400 | 00c7 8100 | 0100 0000 | 0000 00c9 | 4983 7f08 | 000f 8501 | 0000 00c3 

  0x000002a74d8e0664: ;   {runtime_call StubRoutines (initial stubs)}
  0x000002a74d8e0664: e997 089f | ffc5 f877 | 4889 45f8 | 4c8b e448 | 83ec 2048 

  0x000002a74d8e0678: ;   {runtime_call}
  0x000002a74d8e0678: 83e4 f048 | b890 0cff | 65f8 7f00 | 00ff d049 | 8be4 4d33 | e448 8b45 | f8e9 09ff | ffff f4f4 
[/MachCode]


Compiled method (c1) 9441 1826       3       java.lang.ClassLoader::defineClass (43 bytes)
 total in heap  [0x000002a7460c5b90,0x000002a7460c64f0] = 2400
 relocation     [0x000002a7460c5cf0,0x000002a7460c5d90] = 160
 main code      [0x000002a7460c5da0,0x000002a7460c6240] = 1184
 stub code      [0x000002a7460c6240,0x000002a7460c62b8] = 120
 metadata       [0x000002a7460c62b8,0x000002a7460c62e8] = 48
 scopes data    [0x000002a7460c62e8,0x000002a7460c63d8] = 240
 scopes pcs     [0x000002a7460c63d8,0x000002a7460c64b8] = 224
 dependencies   [0x000002a7460c64b8,0x000002a7460c64c8] = 16
 nul chk table  [0x000002a7460c64c8,0x000002a7460c64f0] = 40

[Constant Pool (empty)]

[MachCode]
[Entry Point]
  # {method} {0x000002a75a436ba0} 'defineClass' '(Ljava/lang/String;[BIILjava/security/ProtectionDomain;)Ljava/lang/Class;' in 'java/lang/ClassLoader'
  # this:     rdx:rdx   = 'java/lang/ClassLoader'
  # parm0:    r8:r8     = 'java/lang/String'
  # parm1:    r9:r9     = '[B'
  # parm2:    rdi       = int
  # parm3:    rsi       = int
  # parm4:    rcx:rcx   = 'java/security/ProtectionDomain'
  #           [sp+0xc0]  (sp of caller)
  0x000002a7460c5da0: 448b 5208 | 49bb 0000 | 005a a702 | 0000 4d03 | d34c 3bd0 

  0x000002a7460c5db4: ;   {runtime_call ic_miss_stub}
  0x000002a7460c5db4: 0f85 c686 | 2507 660f | 1f44 0000 
[Verified Entry Point]
  0x000002a7460c5dc0: 8984 2400 | 80ff ff55 | 4881 ecb0 | 0000 0090 | 4181 7f20 | 0200 0000 

  0x000002a7460c5dd8: ;   {runtime_call StubRoutines (final stubs)}
  0x000002a7460c5dd8: 7405 e801 | 2c24 0748 | 8954 2478 

  0x000002a7460c5de4: ;   {metadata(method data for {method} {0x000002a75a436ba0} 'defineClass' '(Ljava/lang/String;[BIILjava/security/ProtectionDomain;)Ljava/lang/Class;' in 'java/lang/ClassLoader')}
  0x000002a7460c5de4: 48bb 982a | 369c a702 | 0000 8b83 | cc00 0000 | 83c0 0289 | 83cc 0000 | 0025 fe07 | 0000 85c0 
  0x000002a7460c5e04: 0f84 5803 | 0000 89b4 | 2494 0000 | 0089 bc24 | 9000 0000 | 4c89 8c24 | 8800 0000 

  0x000002a7460c5e20: ;   {metadata(method data for {method} {0x000002a75a436ba0} 'defineClass' '(Ljava/lang/String;[BIILjava/security/ProtectionDomain;)Ljava/lang/Class;' in 'java/lang/ClassLoader')}
  0x000002a7460c5e20: 488b da48 | b898 2a36 | 9ca7 0200 | 0048 8380 | 1001 0000 | 0149 8bd8 | 4c8b c34c | 8bc9 488b 
  0x000002a7460c5e40: ca48 8bd1 | 4889 9c24 | 8000 0000 

  0x000002a7460c5e4c: ;   {optimized virtual_call}
  0x000002a7460c5e4c: 6666 90e8 

  0x000002a7460c5e50: ; ImmutableOopMap {[120]=Oop [128]=Oop [136]=Oop }
                      ;*invokevirtual preDefineClass {reexecute=0 rethrow=0 return_oop=0}
                      ; - java.lang.ClassLoader::defineClass@4
  0x000002a7460c5e50: 4cd8 efff 

  0x000002a7460c5e54: ;   {other}
  0x000002a7460c5e54: 0f1f 8400 | c402 0000 | 4889 8424 | 9800 0000 | 488b 5424 

  0x000002a7460c5e68: ;   {metadata(method data for {method} {0x000002a75a436ba0} 'defineClass' '(Ljava/lang/String;[BIILjava/security/ProtectionDomain;)Ljava/lang/Class;' in 'java/lang/ClassLoader')}
  0x000002a7460c5e68: 7849 b898 | 2a36 9ca7 | 0200 0049 | 8380 4801 

  0x000002a7460c5e78: ;   {metadata(method data for {method} {0x000002a75a436888} 'defineClassSourceLocation' '(Ljava/security/ProtectionDomain;)Ljava/lang/String;' in 'java/lang/ClassLoader')}
  0x000002a7460c5e78: 0000 0149 | b8b0 3136 | 9ca7 0200 | 0041 8b90 | cc00 0000 | 83c2 0241 | 8990 cc00 | 0000 81e2 
  0x000002a7460c5e98: feff 1f00 | 85d2 0f84 | df02 0000 

  0x000002a7460c5ea4: ; implicit exception: dispatches to 0x000002a7460c61a4
  0x000002a7460c5ea4: 483b 004c 

  0x000002a7460c5ea8: ;   {metadata(method data for {method} {0x000002a75a436888} 'defineClassSourceLocation' '(Ljava/security/ProtectionDomain;)Ljava/lang/String;' in 'java/lang/ClassLoader')}
  0x000002a7460c5ea8: 8bc0 48ba | b031 369c | a702 0000 | 4883 8210 | 0100 0001 | 448b 4010 

  0x000002a7460c5ec0: ;   {metadata(method data for {method} {0x000002a75a436888} 'defineClassSourceLocation' '(Ljava/security/ProtectionDomain;)Ljava/lang/String;' in 'java/lang/ClassLoader')}
  0x000002a7460c5ec0: 4d85 c048 | bab0 3136 | 9ca7 0200 | 0048 c7c6 | 5801 0000 | 7507 48c7 | c648 0100 | 0048 8b3c 
  0x000002a7460c5ee0: 3248 8d7f | 0148 893c | 320f 850f 

  0x000002a7460c5eec: ;   {oop(nullptr)}
  0x000002a7460c5eec: 0000 0048 | bb00 0000 | 0000 0000 | 00e9 a901 | 0000 493b | 0049 8bd0 

  0x000002a7460c5f04: ;   {metadata(method data for {method} {0x000002a75a436888} 'defineClassSourceLocation' '(Ljava/security/ProtectionDomain;)Ljava/lang/String;' in 'java/lang/ClassLoader')}
  0x000002a7460c5f04: 48be b031 | 369c a702 | 0000 4883 | 8668 0100 | 0001 418b | 500c 4885 

  0x000002a7460c5f1c: ;   {metadata(method data for {method} {0x000002a75a436888} 'defineClassSourceLocation' '(Ljava/security/ProtectionDomain;)Ljava/lang/String;' in 'java/lang/ClassLoader')}
  0x000002a7460c5f1c: d248 beb0 | 3136 9ca7 | 0200 0048 | c7c7 b001 | 0000 7507 | 48c7 c7a0 | 0100 0048 | 8b1c 3e48 
  0x000002a7460c5f3c: 8d5b 0148 | 891c 3e0f | 850f 0000 

  0x000002a7460c5f48: ;   {oop(nullptr)}
  0x000002a7460c5f48: 0048 bb00 | 0000 0000 | 0000 00e9 | 4f01 0000 

  0x000002a7460c5f58: ;   {metadata(method data for {method} {0x000002a75a436888} 'defineClassSourceLocation' '(Ljava/security/ProtectionDomain;)Ljava/lang/String;' in 'java/lang/ClassLoader')}
  0x000002a7460c5f58: 48be b031 | 369c a702 | 0000 4883 | 86c0 0100 | 0001 483b | 024c 8bc2 

  0x000002a7460c5f70: ;   {metadata(method data for {method} {0x000002a75a436888} 'defineClassSourceLocation' '(Ljava/security/ProtectionDomain;)Ljava/lang/String;' in 'java/lang/ClassLoader')}
  0x000002a7460c5f70: 48be b031 | 369c a702 | 0000 4883 | 86f8 0100 

  0x000002a7460c5f80: ;   {metadata(method data for {method} {0x000002a75a01abf0} 'toString' '()Ljava/lang/String;' in 'java/net/URL')}
  0x000002a7460c5f80: 0001 49b8 | 8025 369c | a702 0000 | 418b b0cc | 0000 0083 | c602 4189 | b0cc 0000 | 0081 e6fe 
  0x000002a7460c5fa0: ff1f 0085 | f60f 8408 | 0200 004c 

  0x000002a7460c5fac: ;   {metadata(method data for {method} {0x000002a75a01abf0} 'toString' '()Ljava/lang/String;' in 'java/net/URL')}
  0x000002a7460c5fac: 8bc2 48be | 8025 369c | a702 0000 | 4883 8610 | 0100 0001 

  0x000002a7460c5fc0: ;   {metadata(method data for {method} {0x000002a75a42a428} 'toExternalForm' '()Ljava/lang/String;' in 'java/net/URL')}
  0x000002a7460c5fc0: 49b8 58c8 | 359c a702 | 0000 418b | b0cc 0000 | 0083 c602 | 4189 b0cc | 0000 0081 | e6fe ff1f 
  0x000002a7460c5fe0: 0085 f60f | 84eb 0100 | 008b 7238 

  0x000002a7460c5fec: ; implicit exception: dispatches to 0x000002a7460c61f5
  0x000002a7460c5fec: 483b 064c 

  0x000002a7460c5ff0: ;   {metadata(method data for {method} {0x000002a75a42a428} 'toExternalForm' '()Ljava/lang/String;' in 'java/net/URL')}
  0x000002a7460c5ff0: 8bc6 48bf | 58c8 359c | a702 0000 | 458b 4008 | 49ba 0000 | 005a a702 | 0000 4d03 | c24c 3b87 
  0x000002a7460c6010: 2001 0000 | 750d 4883 | 8728 0100 | 0001 e960 | 0000 004c | 3b87 3001 | 0000 750d | 4883 8738 
  0x000002a7460c6030: 0100 0001 | e94a 0000 | 0048 83bf | 2001 0000 | 0075 174c | 8987 2001 | 0000 48c7 | 8728 0100 
  0x000002a7460c6050: 0001 0000 | 00e9 2900 | 0000 4883 | bf30 0100 | 0000 7517 | 4c89 8730 | 0100 0048 | c787 3801 
  0x000002a7460c6070: 0000 0100 | 0000 e908 | 0000 0048 | 8387 1001 | 0000 014c | 8bc2 488b | d60f 1f40 | 0048 b8ff 
  0x000002a7460c6090: ffff ffff 

  0x000002a7460c6094: ;   {virtual_call}
  0x000002a7460c6094: ffff ffe8 

  0x000002a7460c6098: ; ImmutableOopMap {[120]=Oop [128]=Oop [136]=Oop [152]=Oop }
                      ;*invokevirtual toExternalForm {reexecute=0 rethrow=0 return_oop=0}
                      ; - java.net.URL::toExternalForm@5
                      ; - java.net.URL::toString@1
                      ; - java.lang.ClassLoader::defineClassSourceLocation@22
                      ; - java.lang.ClassLoader::defineClass@12
  0x000002a7460c6098: 0414 3107 

  0x000002a7460c609c: ;   {other}
  0x000002a7460c609c: 0f1f 8400 | 0c05 0001 | 488b d848 | 8b84 2498 | 0000 008b | b424 9400 | 0000 8bbc | 2490 0000 
  0x000002a7460c60bc: 004c 8b8c | 2488 0000 | 004c 8b84 | 2480 0000 | 0048 8b54 

  0x000002a7460c60d0: ;   {metadata(method data for {method} {0x000002a75a436ba0} 'defineClass' '(Ljava/lang/String;[BIILjava/security/ProtectionDomain;)Ljava/lang/Class;' in 'java/lang/ClassLoader')}
  0x000002a7460c60d0: 2478 48b9 | 982a 369c | a702 0000 | 4883 8180 | 0100 0001 | 4c8b da49 | 8bd3 488b | c848 891c 
  0x000002a7460c60f0: 2466 0f1f 

  0x000002a7460c60f4: ;   {static_call}
  0x000002a7460c60f4: 4400 00e8 

  0x000002a7460c60f8: ; ImmutableOopMap {[120]=Oop [152]=Oop }
                      ;*invokestatic defineClass1 {reexecute=0 rethrow=0 return_oop=0}
                      ; - java.lang.ClassLoader::defineClass@27
  0x000002a7460c60f8: e4a2 8107 

  0x000002a7460c60fc: ;   {other}
  0x000002a7460c60fc: 0f1f 8400 | 6c05 0002 | 488b 5424 

  0x000002a7460c6108: ;   {metadata(method data for {method} {0x000002a75a436ba0} 'defineClass' '(Ljava/lang/String;[BIILjava/security/ProtectionDomain;)Ljava/lang/Class;' in 'java/lang/ClassLoader')}
  0x000002a7460c6108: 7849 b898 | 2a36 9ca7 | 0200 0049 | 8380 9001 | 0000 014c | 8bc0 4c8b | 8c24 9800 | 0000 488b 
  0x000002a7460c6128: 5424 7848 | 8984 24a0 | 0000 000f 

  0x000002a7460c6134: ;   {optimized virtual_call}
  0x000002a7460c6134: 1f40 00e8 

  0x000002a7460c6138: ; ImmutableOopMap {[160]=Oop }
                      ;*invokevirtual postDefineClass {reexecute=0 rethrow=0 return_oop=0}
                      ; - java.lang.ClassLoader::defineClass@37
  0x000002a7460c6138: e48d f8ff 

  0x000002a7460c613c: ;   {other}
  0x000002a7460c613c: 0f1f 8400 | ac05 0003 | 488b 8424 | a000 0000 | 4881 c4b0 | 0000 005d 

  0x000002a7460c6154: ;   {poll_return}
  0x000002a7460c6154: 493b a748 | 0400 000f | 8799 0000 

  0x000002a7460c6160: ;   {metadata({method} {0x000002a75a436ba0} 'defineClass' '(Ljava/lang/String;[BIILjava/security/ProtectionDomain;)Ljava/lang/Class;' in 'java/lang/ClassLoader')}
  0x000002a7460c6160: 00c3 49ba | 986b 435a | a702 0000 | 4c89 5424 | 0848 c704 | 24ff ffff 

  0x000002a7460c6178: ;   {runtime_call counter_overflow Runtime1 stub}
  0x000002a7460c6178: ffe8 82df 

  0x000002a7460c617c: ; ImmutableOopMap {rdx=Oop r8=Oop r9=Oop rcx=Oop [120]=Oop }
                      ;*synchronization entry
                      ; - java.lang.ClassLoader::defineClass@-1
  0x000002a7460c617c: 3007 e987 

  0x000002a7460c6180: ;   {metadata({method} {0x000002a75a436888} 'defineClassSourceLocation' '(Ljava/security/ProtectionDomain;)Ljava/lang/String;' in 'java/lang/ClassLoader')}
  0x000002a7460c6180: fcff ff49 | ba80 6843 | 5aa7 0200 | 004c 8954 | 2408 48c7 | 0424 ffff 

  0x000002a7460c6198: ;   {runtime_call counter_overflow Runtime1 stub}
  0x000002a7460c6198: ffff e861 

  0x000002a7460c619c: ; ImmutableOopMap {rax=Oop [120]=Oop [128]=Oop [136]=Oop [152]=Oop }
                      ;*synchronization entry
                      ; - java.lang.ClassLoader::defineClassSourceLocation@-1
                      ; - java.lang.ClassLoader::defineClass@12
  0x000002a7460c619c: df30 07e9 | 00fd ffff 

  0x000002a7460c61a4: ;   {runtime_call throw_null_pointer_exception Runtime1 stub}
  0x000002a7460c61a4: e857 7630 

  0x000002a7460c61a8: ; ImmutableOopMap {rax=Oop [120]=Oop [128]=Oop [136]=Oop [152]=Oop }
                      ;*invokevirtual getCodeSource {reexecute=0 rethrow=0 return_oop=0}
                      ; - java.lang.ClassLoader::defineClassSourceLocation@1
                      ; - java.lang.ClassLoader::defineClass@12
                      ;   {runtime_call throw_null_pointer_exception Runtime1 stub}
  0x000002a7460c61a8: 07e8 5276 

  0x000002a7460c61ac: ; ImmutableOopMap {rax=Oop r8=Oop [120]=Oop [128]=Oop [136]=Oop [152]=Oop }
                      ;*invokevirtual getLocation {reexecute=0 rethrow=0 return_oop=0}
                      ; - java.lang.ClassLoader::defineClassSourceLocation@12
                      ; - java.lang.ClassLoader::defineClass@12
                      ;   {runtime_call throw_null_pointer_exception Runtime1 stub}
  0x000002a7460c61ac: 3007 e84d 

  0x000002a7460c61b0: ; ImmutableOopMap {rdx=Oop [120]=Oop [128]=Oop [136]=Oop [152]=Oop }
                      ;*invokevirtual toString {reexecute=0 rethrow=0 return_oop=0}
                      ; - java.lang.ClassLoader::defineClassSourceLocation@22
                      ; - java.lang.ClassLoader::defineClass@12
                      ;   {metadata({method} {0x000002a75a01abf0} 'toString' '()Ljava/lang/String;' in 'java/net/URL')}
  0x000002a7460c61b0: 7630 0749 | bae8 ab01 | 5aa7 0200 | 004c 8954 | 2408 48c7 | 0424 ffff 

  0x000002a7460c61c8: ;   {runtime_call counter_overflow Runtime1 stub}
  0x000002a7460c61c8: ffff e831 

  0x000002a7460c61cc: ; ImmutableOopMap {rdx=Oop [120]=Oop [128]=Oop [136]=Oop [152]=Oop }
                      ;*synchronization entry
                      ; - java.net.URL::toString@-1
                      ; - java.lang.ClassLoader::defineClassSourceLocation@22
                      ; - java.lang.ClassLoader::defineClass@12
  0x000002a7460c61cc: df30 07e9 | d7fd ffff 

  0x000002a7460c61d4: ;   {metadata({method} {0x000002a75a42a428} 'toExternalForm' '()Ljava/lang/String;' in 'java/net/URL')}
  0x000002a7460c61d4: 49ba 20a4 | 425a a702 | 0000 4c89 | 5424 0848 | c704 24ff 

  0x000002a7460c61e8: ;   {runtime_call counter_overflow Runtime1 stub}
  0x000002a7460c61e8: ffff ffe8 

  0x000002a7460c61ec: ; ImmutableOopMap {rdx=Oop [120]=Oop [128]=Oop [136]=Oop [152]=Oop }
                      ;*synchronization entry
                      ; - java.net.URL::toExternalForm@-1
                      ; - java.net.URL::toString@1
                      ; - java.lang.ClassLoader::defineClassSourceLocation@22
                      ; - java.lang.ClassLoader::defineClass@12
  0x000002a7460c61ec: 10df 3007 | e9f4 fdff 

  0x000002a7460c61f4: ;   {runtime_call throw_null_pointer_exception Runtime1 stub}
  0x000002a7460c61f4: ffe8 0676 

  0x000002a7460c61f8: ; ImmutableOopMap {rdx=Oop rsi=Oop [120]=Oop [128]=Oop [136]=Oop [152]=Oop }
                      ;*invokevirtual toExternalForm {reexecute=0 rethrow=0 return_oop=0}
                      ; - java.net.URL::toExternalForm@5
                      ; - java.net.URL::toString@1
                      ; - java.lang.ClassLoader::defineClassSourceLocation@22
                      ; - java.lang.ClassLoader::defineClass@12
                      ;   {internal_word}
  0x000002a7460c61f8: 3007 49ba | 5461 0c46 | a702 0000 | 4d89 9760 

  0x000002a7460c6208: ;   {runtime_call SafepointBlob}
  0x000002a7460c6208: 0400 00e9 | f0e8 2507 | 498b 87f8 | 0400 0049 | c787 f804 | 0000 0000 | 0000 49c7 | 8700 0500 
  0x000002a7460c6228: 0000 0000 | 0048 81c4 | b000 0000 

  0x000002a7460c6234: ;   {runtime_call unwind_exception Runtime1 stub}
  0x000002a7460c6234: 5de9 c660 | 3007 f4f4 | f4f4 f4f4 
[Stub Code]
  0x000002a7460c6240: ;   {no_reloc}
  0x000002a7460c6240: 0f1f 4400 

  0x000002a7460c6244: ;   {static_stub}
  0x000002a7460c6244: 0048 bb00 | 0000 0000 

  0x000002a7460c624c: ;   {runtime_call nmethod}
  0x000002a7460c624c: 0000 00e9 | fbff ffff 

  0x000002a7460c6254: ;   {static_stub}
  0x000002a7460c6254: 48bb 0000 | 0000 0000 

  0x000002a7460c625c: ;   {runtime_call nmethod}
  0x000002a7460c625c: 0000 e9fb 

  0x000002a7460c6260: ;   {static_stub}
  0x000002a7460c6260: ffff ff48 | bb00 0000 | 0000 0000 

  0x000002a7460c626c: ;   {runtime_call nmethod}
  0x000002a7460c626c: 00e9 fbff 

  0x000002a7460c6270: ;   {static_stub}
  0x000002a7460c6270: ffff 48bb | 0000 0000 | 0000 0000 

  0x000002a7460c627c: ;   {runtime_call nmethod}
  0x000002a7460c627c: e9fb ffff 

  0x000002a7460c6280: ;   {runtime_call handle_exception_from_callee Runtime1 stub}
  0x000002a7460c6280: ffe8 7a99 

  0x000002a7460c6284: ;   {external_word}
  0x000002a7460c6284: 3007 48b9 | 2053 2b66 | f87f 0000 | 4883 e4f0 

  0x000002a7460c6294: ;   {runtime_call}
  0x000002a7460c6294: 48b8 90b7 | ed65 f87f | 0000 ffd0 

  0x000002a7460c62a0: ;   {section_word}
  0x000002a7460c62a0: f449 baa1 | 620c 46a7 | 0200 0041 

  0x000002a7460c62ac: ;   {runtime_call DeoptimizationBlob}
  0x000002a7460c62ac: 52e9 eeda | 2507 f4f4 | f4f4 f4f4 
[/MachCode]


Compiled method (c1) 9472 3061   !   3       org.eclipse.osgi.internal.loader.ModuleClassLoader::defineClass (67 bytes)
 total in heap  [0x000002a7463a1210,0x000002a7463a1df0] = 3040
 relocation     [0x000002a7463a1370,0x000002a7463a1418] = 168
 main code      [0x000002a7463a1420,0x000002a7463a1a20] = 1536
 stub code      [0x000002a7463a1a20,0x000002a7463a1a90] = 112
 oops           [0x000002a7463a1a90,0x000002a7463a1a98] = 8
 metadata       [0x000002a7463a1a98,0x000002a7463a1ad8] = 64
 scopes data    [0x000002a7463a1ad8,0x000002a7463a1c28] = 336
 scopes pcs     [0x000002a7463a1c28,0x000002a7463a1d38] = 272
 dependencies   [0x000002a7463a1d38,0x000002a7463a1d50] = 24
 handler table  [0x000002a7463a1d50,0x000002a7463a1dc8] = 120
 nul chk table  [0x000002a7463a1dc8,0x000002a7463a1df0] = 40

[Constant Pool (empty)]

[MachCode]
[Entry Point]
  # {method} {0x000002a79c5dfd38} 'defineClass' '(Ljava/lang/String;[BLorg/eclipse/osgi/internal/loader/classpath/ClasspathEntry;)Lorg/eclipse/osgi/internal/loader/ModuleClassLoader$DefineClassResult;' in 'org/eclipse/osgi/internal/loader/ModuleClassLoader'
  # this:     rdx:rdx   = 'org/eclipse/osgi/internal/loader/ModuleClassLoader'
  # parm0:    r8:r8     = 'java/lang/String'
  # parm1:    r9:r9     = '[B'
  # parm2:    rdi:rdi   = 'org/eclipse/osgi/internal/loader/classpath/ClasspathEntry'
  #           [sp+0xb0]  (sp of caller)
  0x000002a7463a1420: 448b 5208 | 49bb 0000 | 005a a702 | 0000 4d03 | d34c 3bd0 

  0x000002a7463a1434: ;   {runtime_call ic_miss_stub}
  0x000002a7463a1434: 0f85 46d0 | f706 660f | 1f44 0000 
[Verified Entry Point]
  0x000002a7463a1440: 8984 2400 | 80ff ff55 | 4881 eca0 | 0000 0090 | 4181 7f20 | 0200 0000 

  0x000002a7463a1458: ;   {runtime_call StubRoutines (final stubs)}
  0x000002a7463a1458: 7405 e881 

  0x000002a7463a145c: ;   {metadata(method data for {method} {0x000002a79c5dfd38} 'defineClass' '(Ljava/lang/String;[BLorg/eclipse/osgi/internal/loader/classpath/ClasspathEntry;)Lorg/eclipse/osgi/internal/loader/ModuleClassLoader$DefineClassResult;' in 'org/eclipse/osgi/internal/loader/ModuleClassLoader')}
  0x000002a7463a145c: 75f6 0648 | bee8 72c5 | 9ca7 0200 | 008b 9ecc | 0000 0083 | c302 899e | cc00 0000 | 81e3 fe07 
  0x000002a7463a147c: 0000 85db | 0f84 5304 | 0000 4889 | 7c24 704c | 894c 2468 

  0x000002a7463a1490: ;   {metadata(method data for {method} {0x000002a79c5dfd38} 'defineClass' '(Ljava/lang/String;[BLorg/eclipse/osgi/internal/loader/classpath/ClasspathEntry;)Lorg/eclipse/osgi/internal/loader/ModuleClassLoader$DefineClassResult;' in 'org/eclipse/osgi/internal/loader/ModuleClassLoader')}
  0x000002a7463a1490: 488b f248 | bbe8 72c5 | 9ca7 0200 | 008b 7608 | 49ba 0000 | 005a a702 | 0000 4903 | f248 3bb3 
  0x000002a7463a14b0: 2001 0000 | 750d 4883 | 8328 0100 | 0001 e960 | 0000 0048 | 3bb3 3001 | 0000 750d | 4883 8338 
  0x000002a7463a14d0: 0100 0001 | e94a 0000 | 0048 83bb | 2001 0000 | 0075 1748 | 89b3 2001 | 0000 48c7 | 8328 0100 
  0x000002a7463a14f0: 0001 0000 | 00e9 2900 | 0000 4883 | bb30 0100 | 0000 7517 | 4889 b330 | 0100 0048 | c783 3801 
  0x000002a7463a1510: 0000 0100 | 0000 e908 | 0000 0048 | 8383 1001 

  0x000002a7463a1520: ;   {metadata(method data for {method} {0x000002a79c6249f0} 'getClassLoadingLock' '(Ljava/lang/String;)Ljava/lang/Object;' in 'org/eclipse/osgi/internal/loader/ModuleClassLoader')}
  0x000002a7463a1520: 0000 0148 | beb8 c99b | 9ca7 0200 | 008b 9ecc | 0000 0083 | c302 899e | cc00 0000 | 81e3 feff 
  0x000002a7463a1540: 1f00 85db | 0f84 b003 | 0000 8b72 | 5048 3b06 

  0x000002a7463a1550: ;   {metadata(method data for {method} {0x000002a79c6249f0} 'getClassLoadingLock' '(Ljava/lang/String;)Ljava/lang/Object;' in 'org/eclipse/osgi/internal/loader/ModuleClassLoader')}
  0x000002a7463a1550: 488b de48 | b8b8 c99b | 9ca7 0200 | 0048 8380 | 1001 0000 | 0149 8bd8 | 4c8b c348 | 8954 2458 
  0x000002a7463a1570: 488b d648 | 895c 2460 | 0f1f 8000 

  0x000002a7463a157c: ;   {optimized virtual_call}
  0x000002a7463a157c: 0000 00e8 

  0x000002a7463a1580: ; ImmutableOopMap {[88]=Oop [96]=Oop [104]=Oop [112]=Oop }
                      ;*invokevirtual getLock {reexecute=0 rethrow=0 return_oop=0}
                      ; - org.eclipse.osgi.internal.loader.ModuleClassLoader::getClassLoadingLock@5 (line 437)
                      ; - org.eclipse.osgi.internal.loader.ModuleClassLoader::defineClass@8 (line 312)
  0x000002a7463a1580: fc16 2300 

  0x000002a7463a1584: ;   {other}
  0x000002a7463a1584: 0f1f 8400 | 7403 0000 | 4889 4424 | 7848 8d94 | 2480 0000 | 0048 8bf0 | 4889 7208 

  0x000002a7463a15a0: ; implicit exception: dispatches to 0x000002a7463a1920
  0x000002a7463a15a0: 488b 0648 | 83c8 0148 | 8902 f048 | 0fb1 160f | 8412 0000 | 0048 2bc4 | 4825 07f0 | ffff 4889 
  0x000002a7463a15c0: 020f 855e | 0300 0049 | ff87 4805 | 0000 488b 

  0x000002a7463a15d0: ;   {metadata(method data for {method} {0x000002a79c5dfd38} 'defineClass' '(Ljava/lang/String;[BLorg/eclipse/osgi/internal/loader/classpath/ClasspathEntry;)Lorg/eclipse/osgi/internal/loader/ModuleClassLoader$DefineClassResult;' in 'org/eclipse/osgi/internal/loader/ModuleClassLoader')}
  0x000002a7463a15d0: 5424 5848 | bee8 72c5 | 9ca7 0200 | 0048 8386 | 4801 0000 

  0x000002a7463a15e4: ;   {metadata(method data for {method} {0x000002a75a436ca8} 'findLoadedClass' '(Ljava/lang/String;)Ljava/lang/Class;' in 'java/lang/ClassLoader')}
  0x000002a7463a15e4: 0148 ba30 | 8e23 9ca7 | 0200 008b | b2cc 0000 | 0083 c602 | 89b2 cc00 | 0000 81e6 | feff 1f00 
  0x000002a7463a1604: 85f6 0f84 | 2c03 0000 

  0x000002a7463a160c: ;   {metadata(method data for {method} {0x000002a75a436ca8} 'findLoadedClass' '(Ljava/lang/String;)Ljava/lang/Class;' in 'java/lang/ClassLoader')}
  0x000002a7463a160c: 48ba 308e | 239c a702 | 0000 4883 | 8210 0100 | 0001 488b | 5424 600f 

  0x000002a7463a1624: ;   {static_call}
  0x000002a7463a1624: 1f40 00e8 

  0x000002a7463a1628: ; ImmutableOopMap {[88]=Oop [96]=Oop [104]=Oop [112]=Oop [120]=Oop [136]=Oop }
                      ;*invokestatic checkName {reexecute=0 rethrow=0 return_oop=0}
                      ; - java.lang.ClassLoader::findLoadedClass@1
                      ; - org.eclipse.osgi.internal.loader.ModuleClassLoader::defineClass@17 (line 313)
  0x000002a7463a1628: b49c 6207 

  0x000002a7463a162c: ;   {other}
  0x000002a7463a162c: 0f1f 8400 | 1c04 0001 

  0x000002a7463a1634: ;   {metadata(method data for {method} {0x000002a75a436ca8} 'findLoadedClass' '(Ljava/lang/String;)Ljava/lang/Class;' in 'java/lang/ClassLoader')}
  0x000002a7463a1634: 85c0 49b8 | 308e 239c | a702 0000 | 48c7 c220 | 0100 0075 | 0748 c7c2 | 3001 0000 | 498b 3410 
  0x000002a7463a1654: 488d 7601 | 4989 3410 | 0f85 0f00 

  0x000002a7463a1660: ;   {oop(nullptr)}
  0x000002a7463a1660: 0000 48be | 0000 0000 | 0000 0000 | e936 0000 | 0048 8b54 

  0x000002a7463a1674: ;   {metadata(method data for {method} {0x000002a75a436ca8} 'findLoadedClass' '(Ljava/lang/String;)Ljava/lang/Class;' in 'java/lang/ClassLoader')}
  0x000002a7463a1674: 2458 49b8 | 308e 239c | a702 0000 | 4983 8040 | 0100 0001 | 4c8b 4424 | 6048 8b54 | 2458 0f1f 
  0x000002a7463a1694: ;   {optimized virtual_call}
  0x000002a7463a1694: 4400 00e8 

  0x000002a7463a1698: ; ImmutableOopMap {[88]=Oop [96]=Oop [104]=Oop [112]=Oop [120]=Oop [136]=Oop }
                      ;*invokevirtual findLoadedClass0 {reexecute=0 rethrow=0 return_oop=0}
                      ; - java.lang.ClassLoader::findLoadedClass@11
                      ; - org.eclipse.osgi.internal.loader.ModuleClassLoader::defineClass@17 (line 313)
  0x000002a7463a1698: a428 4f07 

  0x000002a7463a169c: ;   {other}
  0x000002a7463a169c: 0f1f 8400 | 8c04 0002 | 488b f048 

  0x000002a7463a16a8: ;   {metadata(method data for {method} {0x000002a79c5dfd38} 'defineClass' '(Ljava/lang/String;[BLorg/eclipse/osgi/internal/loader/classpath/ClasspathEntry;)Lorg/eclipse/osgi/internal/loader/ModuleClassLoader$DefineClassResult;' in 'org/eclipse/osgi/internal/loader/ModuleClassLoader')}
  0x000002a7463a16a8: 85f6 49b8 | e872 c59c | a702 0000 | 49c7 c190 | 0100 0074 | 0749 c7c1 | 8001 0000 | 4b8b 3c08 
  0x000002a7463a16c8: 488d 7f01 | 4b89 3c08 | 0f84 0e00 | 0000 488b | de41 b800 | 0000 00e9 | 6900 0000 | 488b 7c24 
  0x000002a7463a16e8: 704c 8b4c | 2468 4c8b | 4424 6048 | 8b54 2458 

  0x000002a7463a16f8: ; implicit exception: dispatches to 0x000002a7463a1959
  0x000002a7463a16f8: 418b 710c 

  0x000002a7463a16fc: ; implicit exception: dispatches to 0x000002a7463a195e
  0x000002a7463a16fc: 483b 0748 

  0x000002a7463a1700: ;   {metadata(method data for {method} {0x000002a79c5dfd38} 'defineClass' '(Ljava/lang/String;[BLorg/eclipse/osgi/internal/loader/classpath/ClasspathEntry;)Lorg/eclipse/osgi/internal/loader/ModuleClassLoader$DefineClassResult;' in 'org/eclipse/osgi/internal/loader/ModuleClassLoader')}
  0x000002a7463a1700: 8bcf 48bb | e872 c59c | a702 0000 | 4883 83b8 | 0100 0001 | 8b4f 1048 

  0x000002a7463a1718: ;   {metadata(method data for {method} {0x000002a79c5dfd38} 'defineClass' '(Ljava/lang/String;[BLorg/eclipse/osgi/internal/loader/classpath/ClasspathEntry;)Lorg/eclipse/osgi/internal/loader/ModuleClassLoader$DefineClassResult;' in 'org/eclipse/osgi/internal/loader/ModuleClassLoader')}
  0x000002a7463a1718: 8bfa 48bb | e872 c59c | a702 0000 | 4883 83d8 | 0100 0001 | bf00 0000 | 0066 0f1f 

  0x000002a7463a1734: ;   {optimized virtual_call}
  0x000002a7463a1734: 4400 00e8 

  0x000002a7463a1738: ; ImmutableOopMap {[120]=Oop [136]=Oop }
                      ;*invokevirtual defineClass {reexecute=0 rethrow=0 return_oop=0}
                      ; - org.eclipse.osgi.internal.loader.ModuleClassLoader::defineClass@37 (line 315)
  0x000002a7463a1738: 8446 d2ff 

  0x000002a7463a173c: ;   {other}
  0x000002a7463a173c: 0f1f 8400 | 2c05 0003 | 488b d841 | b801 0000 | 0048 8d84 | 2480 0000 | 0048 8b10 | 4885 d20f 
  0x000002a7463a175c: 840f 0000 | 0048 8b70 | 08f0 480f | b116 0f85 | f301 0000 | 49ff 8f48 

  0x000002a7463a1774: ;   {metadata(method data for {method} {0x000002a79c5dfd38} 'defineClass' '(Ljava/lang/String;[BLorg/eclipse/osgi/internal/loader/classpath/ClasspathEntry;)Lorg/eclipse/osgi/internal/loader/ModuleClassLoader$DefineClassResult;' in 'org/eclipse/osgi/internal/loader/ModuleClassLoader')}
  0x000002a7463a1774: 0500 0048 | bae8 72c5 | 9ca7 0200 | 00ff 8210 

  0x000002a7463a1784: ;   {metadata('org/eclipse/osgi/internal/loader/ModuleClassLoader$DefineClassResult')}
  0x000002a7463a1784: 0200 0048 | ba10 6212 | 5ba7 0200 | 0049 8b87 | b801 0000 | 488d 7818 | 493b bfc8 | 0100 000f 
  0x000002a7463a17a4: 87d0 0100 | 0049 89bf | b801 0000 | 48c7 0001 | 0000 0048 | 8bca 49ba | 0000 005a | a702 0000 
  0x000002a7463a17c4: 492b ca89 | 4808 4833 | c989 480c | 4833 c948 | 8948 1048 

  0x000002a7463a17d8: ;   {metadata(method data for {method} {0x000002a79c5dfd38} 'defineClass' '(Ljava/lang/String;[BLorg/eclipse/osgi/internal/loader/classpath/ClasspathEntry;)Lorg/eclipse/osgi/internal/loader/ModuleClassLoader$DefineClassResult;' in 'org/eclipse/osgi/internal/loader/ModuleClassLoader')}
  0x000002a7463a17d8: 8bf0 48bf | e872 c59c | a702 0000 | 4883 8728 | 0200 0001 

  0x000002a7463a17ec: ;   {metadata(method data for {method} {0x000002a79c7894e8} '<init>' '(Ljava/lang/Class;Z)V' in 'org/eclipse/osgi/internal/loader/ModuleClassLoader$DefineClassResult')}
  0x000002a7463a17ec: 48be 50d6 | aa9c a702 | 0000 8bbe | cc00 0000 | 83c7 0289 | becc 0000 | 0081 e7fe | ff1f 0085 
  0x000002a7463a180c: ff0f 8473 | 0100 0048 

  0x000002a7463a1814: ;   {metadata(method data for {method} {0x000002a79c7894e8} '<init>' '(Ljava/lang/Class;Z)V' in 'org/eclipse/osgi/internal/loader/ModuleClassLoader$DefineClassResult')}
  0x000002a7463a1814: 8bf0 48bf | 50d6 aa9c | a702 0000 | 4883 8710 | 0100 0001 

  0x000002a7463a1828: ;   {metadata(method data for {method} {0x000002a75a476568} '<init>' '()V' in 'java/lang/Object')}
  0x000002a7463a1828: 48be 6067 | 009c a702 | 0000 8bbe | cc00 0000 | 83c7 0289 | becc 0000 | 0081 e7fe | ff1f 0085 
  0x000002a7463a1848: ff0f 8458 | 0100 004c | 8bd3 4489 | 5010 488d | 3048 c1ee | 0948 bf00 | 0016 42a7 | 0200 00c6 
  0x000002a7463a1868: 043e 0041 | 83e0 0144 | 8840 0c48 | 81c4 a000 

  0x000002a7463a1878: ;   {poll_return}
  0x000002a7463a1878: 0000 5d49 | 3ba7 4804 | 0000 0f87 | 4001 0000 | c349 8b87 | f804 0000 | 4d33 d24d | 8997 f804 
  0x000002a7463a1898: 0000 4d33 | d24d 8997 | 0005 0000 | 488b f048 | 8d84 2480 | 0000 0048 | 8b38 4885 | ff0f 840f 
  0x000002a7463a18b8: 0000 0048 | 8b58 08f0 | 480f b13b | 0f85 1401 | 0000 49ff | 8f48 0500 | 0048 8bc6 | e938 0100 
  0x000002a7463a18d8: ;   {metadata({method} {0x000002a79c5dfd38} 'defineClass' '(Ljava/lang/String;[BLorg/eclipse/osgi/internal/loader/classpath/ClasspathEntry;)Lorg/eclipse/osgi/internal/loader/ModuleClassLoader$DefineClassResult;' in 'org/eclipse/osgi/internal/loader/ModuleClassLoader')}
  0x000002a7463a18d8: 0049 ba30 | fd5d 9ca7 | 0200 004c | 8954 2408 | 48c7 0424 | ffff ffff 

  0x000002a7463a18f0: ;   {runtime_call counter_overflow Runtime1 stub}
  0x000002a7463a18f0: e80b 2803 

  0x000002a7463a18f4: ; ImmutableOopMap {rdx=Oop r8=Oop r9=Oop rdi=Oop }
                      ;*synchronization entry
                      ; - org.eclipse.osgi.internal.loader.ModuleClassLoader::defineClass@-1 (line 310)
  0x000002a7463a18f4: 07e9 8cfb 

  0x000002a7463a18f8: ;   {metadata({method} {0x000002a79c6249f0} 'getClassLoadingLock' '(Ljava/lang/String;)Ljava/lang/Object;' in 'org/eclipse/osgi/internal/loader/ModuleClassLoader')}
  0x000002a7463a18f8: ffff 49ba | e849 629c | a702 0000 | 4c89 5424 | 0848 c704 | 24ff ffff 

  0x000002a7463a1910: ;   {runtime_call counter_overflow Runtime1 stub}
  0x000002a7463a1910: ffe8 ea27 

  0x000002a7463a1914: ; ImmutableOopMap {rdx=Oop r8=Oop [104]=Oop [112]=Oop }
                      ;*synchronization entry
                      ; - org.eclipse.osgi.internal.loader.ModuleClassLoader::getClassLoadingLock@-1 (line 437)
                      ; - org.eclipse.osgi.internal.loader.ModuleClassLoader::defineClass@8 (line 312)
  0x000002a7463a1914: 0307 e92f 

  0x000002a7463a1918: ;   {runtime_call throw_null_pointer_exception Runtime1 stub}
  0x000002a7463a1918: fcff ffe8 

  0x000002a7463a191c: ; ImmutableOopMap {rdx=Oop r8=Oop rsi=Oop [104]=Oop [112]=Oop }
                      ;*invokevirtual getLock {reexecute=0 rethrow=0 return_oop=0}
                      ; - org.eclipse.osgi.internal.loader.ModuleClassLoader::getClassLoadingLock@5 (line 437)
                      ; - org.eclipse.osgi.internal.loader.ModuleClassLoader::defineClass@8 (line 312)
  0x000002a7463a191c: e0be 0207 

  0x000002a7463a1920: ;   {runtime_call throw_null_pointer_exception Runtime1 stub}
  0x000002a7463a1920: e8db be02 

  0x000002a7463a1924: ; ImmutableOopMap {rsi=Oop [88]=Oop [96]=Oop [104]=Oop [112]=Oop [120]=Oop }
                      ;*monitorenter {reexecute=0 rethrow=0 return_oop=0}
                      ; - org.eclipse.osgi.internal.loader.ModuleClassLoader::defineClass@14 (line 312)
  0x000002a7463a1924: 0748 8974 | 2408 4889 

  0x000002a7463a192c: ;   {runtime_call monitorenter_nofpu Runtime1 stub}
  0x000002a7463a192c: 1424 e8cd 

  0x000002a7463a1930: ; ImmutableOopMap {rsi=Oop [88]=Oop [96]=Oop [104]=Oop [112]=Oop [120]=Oop [136]=Oop }
                      ;*monitorenter {reexecute=0 rethrow=0 return_oop=0}
                      ; - org.eclipse.osgi.internal.loader.ModuleClassLoader::defineClass@14 (line 312)
  0x000002a7463a1930: fa02 07e9 | 96fc ffff 

  0x000002a7463a1938: ;   {metadata({method} {0x000002a75a436ca8} 'findLoadedClass' '(Ljava/lang/String;)Ljava/lang/Class;' in 'java/lang/ClassLoader')}
  0x000002a7463a1938: 49ba a06c | 435a a702 | 0000 4c89 | 5424 0848 | c704 24ff 

  0x000002a7463a194c: ;   {runtime_call counter_overflow Runtime1 stub}
  0x000002a7463a194c: ffff ffe8 

  0x000002a7463a1950: ; ImmutableOopMap {[88]=Oop [96]=Oop [104]=Oop [112]=Oop [120]=Oop [136]=Oop }
                      ;*synchronization entry
                      ; - java.lang.ClassLoader::findLoadedClass@-1
                      ; - org.eclipse.osgi.internal.loader.ModuleClassLoader::defineClass@17 (line 313)
  0x000002a7463a1950: ac27 0307 | e9b3 fcff 

  0x000002a7463a1958: ;   {runtime_call throw_null_pointer_exception Runtime1 stub}
  0x000002a7463a1958: ffe8 a2be 

  0x000002a7463a195c: ; ImmutableOopMap {rdx=Oop r8=Oop r9=Oop rdi=Oop [120]=Oop [136]=Oop }
                      ;*arraylength {reexecute=0 rethrow=0 return_oop=0}
                      ; - org.eclipse.osgi.internal.loader.ModuleClassLoader::defineClass@32 (line 315)
                      ;   {runtime_call throw_null_pointer_exception Runtime1 stub}
  0x000002a7463a195c: 0207 e89d 

  0x000002a7463a1960: ; ImmutableOopMap {rdx=Oop r8=Oop r9=Oop rdi=Oop [120]=Oop [136]=Oop }
                      ;*invokevirtual getDomain {reexecute=0 rethrow=0 return_oop=0}
                      ; - org.eclipse.osgi.internal.loader.ModuleClassLoader::defineClass@34 (line 315)
  0x000002a7463a1960: be02 0748 | 8d84 2480 | 0000 0048 

  0x000002a7463a196c: ;   {runtime_call monitorexit_nofpu Runtime1 stub}
  0x000002a7463a196c: 8904 24e8 | 8c00 0307 | e9fe fdff | ff48 8bd2 

  0x000002a7463a197c: ;   {runtime_call fast_new_instance Runtime1 stub}
  0x000002a7463a197c: e87f c702 

  0x000002a7463a1980: ; ImmutableOopMap {rbx=Oop }
                      ;*new {reexecute=0 rethrow=0 return_oop=0}
                      ; - org.eclipse.osgi.internal.loader.ModuleClassLoader::defineClass@55 (line 319)
  0x000002a7463a1980: 07e9 51fe 

  0x000002a7463a1984: ;   {metadata({method} {0x000002a79c7894e8} '<init>' '(Ljava/lang/Class;Z)V' in 'org/eclipse/osgi/internal/loader/ModuleClassLoader$DefineClassResult')}
  0x000002a7463a1984: ffff 49ba | e094 789c | a702 0000 | 4c89 5424 | 0848 c704 | 24ff ffff 

  0x000002a7463a199c: ;   {runtime_call counter_overflow Runtime1 stub}
  0x000002a7463a199c: ffe8 5e27 

  0x000002a7463a19a0: ; ImmutableOopMap {rbx=Oop rax=Oop }
                      ;*synchronization entry
                      ; - org.eclipse.osgi.internal.loader.ModuleClassLoader$DefineClassResult::<init>@-1 (line 96)
                      ; - org.eclipse.osgi.internal.loader.ModuleClassLoader::defineClass@63 (line 319)
  0x000002a7463a19a0: 0307 e96c 

  0x000002a7463a19a4: ;   {metadata({method} {0x000002a75a476568} '<init>' '()V' in 'java/lang/Object')}
  0x000002a7463a19a4: feff ff49 | ba60 6547 | 5aa7 0200 | 004c 8954 | 2408 48c7 | 0424 ffff 

  0x000002a7463a19bc: ;   {runtime_call counter_overflow Runtime1 stub}
  0x000002a7463a19bc: ffff e83d 

  0x000002a7463a19c0: ; ImmutableOopMap {rbx=Oop rax=Oop }
                      ;*synchronization entry
                      ; - java.lang.Object::<init>@-1
                      ; - org.eclipse.osgi.internal.loader.ModuleClassLoader$DefineClassResult::<init>@1 (line 96)
                      ; - org.eclipse.osgi.internal.loader.ModuleClassLoader::defineClass@63 (line 319)
  0x000002a7463a19c0: 2703 07e9 | 87fe ffff 

  0x000002a7463a19c8: ;   {internal_word}
  0x000002a7463a19c8: 49ba 7b18 | 3a46 a702 | 0000 4d89 | 9760 0400 

  0x000002a7463a19d8: ;   {runtime_call SafepointBlob}
  0x000002a7463a19d8: 00e9 2231 | f806 488d | 8424 8000 | 0000 4889 

  0x000002a7463a19e8: ;   {runtime_call monitorexit_nofpu Runtime1 stub}
  0x000002a7463a19e8: 0424 e811 | 0003 07e9 | ddfe ffff | 498b 87f8 | 0400 0049 | c787 f804 | 0000 0000 | 0000 49c7 
  0x000002a7463a1a08: 8700 0500 | 0000 0000 | 0048 81c4 | a000 0000 

  0x000002a7463a1a18: ;   {runtime_call unwind_exception Runtime1 stub}
  0x000002a7463a1a18: 5de9 e2a8 | 0207 f4f4 
[Stub Code]
  0x000002a7463a1a20: ;   {no_reloc}
  0x000002a7463a1a20: 48bb a03b | 689c a702 

  0x000002a7463a1a28: ;   {runtime_call I2C/C2I adapters}
  0x000002a7463a1a28: 0000 e938 

  0x000002a7463a1a2c: ;   {static_stub}
  0x000002a7463a1a2c: 1df8 0648 | bb00 0000 | 0000 0000 

  0x000002a7463a1a38: ;   {runtime_call nmethod}
  0x000002a7463a1a38: 00e9 fbff 

  0x000002a7463a1a3c: ;   {static_stub}
  0x000002a7463a1a3c: ffff 48bb | 0000 0000 | 0000 0000 

  0x000002a7463a1a48: ;   {runtime_call nmethod}
  0x000002a7463a1a48: e9fb ffff 

  0x000002a7463a1a4c: ;   {static_stub}
  0x000002a7463a1a4c: ff48 bb00 | 0000 0000 

  0x000002a7463a1a54: ;   {runtime_call nmethod}
  0x000002a7463a1a54: 0000 00e9 | fbff ffff 
[Exception Handler]
  0x000002a7463a1a5c: ;   {runtime_call handle_exception_from_callee Runtime1 stub}
  0x000002a7463a1a5c: e89f e102 

  0x000002a7463a1a60: ;   {external_word}
  0x000002a7463a1a60: 0748 b920 | 532b 66f8 | 7f00 0048 

  0x000002a7463a1a6c: ;   {runtime_call}
  0x000002a7463a1a6c: 83e4 f048 | b890 b7ed | 65f8 7f00 | 00ff d0f4 
[Deopt Handler Code]
  0x000002a7463a1a7c: ;   {section_word}
  0x000002a7463a1a7c: 49ba 7c1a | 3a46 a702 | 0000 4152 

  0x000002a7463a1a88: ;   {runtime_call DeoptimizationBlob}
  0x000002a7463a1a88: e913 23f8 | 06f4 f4f4 
[/MachCode]


---------------  P R O C E S S  ---------------

Threads class SMR info:
_java_thread_list=0x000002a7a0d91fe0, length=25, elements={
0x000002a742ba9c50, 0x000002a759623870, 0x000002a759625e30, 0x000002a759627a90,
0x000002a7596285e0, 0x000002a75962bb40, 0x000002a759639de0, 0x000002a759640e00,
0x000002a75964e270, 0x000002a7a0200fc0, 0x000002a7a0332420, 0x000002a7a0c112d0,
0x000002a7a0bb55d0, 0x000002a7a0436780, 0x000002a7a0aa69b0, 0x000002a7a0b11490,
0x000002a7a14b7210, 0x000002a7a1159f30, 0x000002a7a0e469b0, 0x000002a7a0e46320,
0x000002a7a0e448e0, 0x000002a7a0e47040, 0x000002a7a0e45c90, 0x000002a7a017d6b0,
0x000002a7a0e45600
}

Java Threads: ( => current thread )
  0x000002a742ba9c50 JavaThread "main"                              [_thread_blocked, id=15180, stack(0x000000eab8a00000,0x000000eab8b00000) (1024K)]
  0x000002a759623870 JavaThread "Reference Handler"          daemon [_thread_blocked, id=16452, stack(0x000000eab8e00000,0x000000eab8f00000) (1024K)]
  0x000002a759625e30 JavaThread "Finalizer"                  daemon [_thread_blocked, id=19320, stack(0x000000eab8f00000,0x000000eab9000000) (1024K)]
  0x000002a759627a90 JavaThread "Signal Dispatcher"          daemon [_thread_blocked, id=8456, stack(0x000000eab9000000,0x000000eab9100000) (1024K)]
  0x000002a7596285e0 JavaThread "Attach Listener"            daemon [_thread_blocked, id=18296, stack(0x000000eab9100000,0x000000eab9200000) (1024K)]
  0x000002a75962bb40 JavaThread "Service Thread"             daemon [_thread_blocked, id=16872, stack(0x000000eab9200000,0x000000eab9300000) (1024K)]
  0x000002a759639de0 JavaThread "Monitor Deflation Thread"   daemon [_thread_blocked, id=18900, stack(0x000000eab9300000,0x000000eab9400000) (1024K)]
  0x000002a759640e00 JavaThread "C2 CompilerThread0"         daemon [_thread_blocked, id=13360, stack(0x000000eab9400000,0x000000eab9500000) (1024K)]
  0x000002a75964e270 JavaThread "C1 CompilerThread0"         daemon [_thread_blocked, id=15844, stack(0x000000eab9500000,0x000000eab9600000) (1024K)]
  0x000002a7a0200fc0 JavaThread "Common-Cleaner"             daemon [_thread_blocked, id=18548, stack(0x000000eab9700000,0x000000eab9800000) (1024K)]
  0x000002a7a0332420 JavaThread "Notification Thread"        daemon [_thread_blocked, id=14744, stack(0x000000eab9800000,0x000000eab9900000) (1024K)]
  0x000002a7a0c112d0 JavaThread "Active Thread: Equinox Container: 158b4d07-0785-4401-872c-9e99829a0670"        [_thread_blocked, id=18052, stack(0x000000eaba000000,0x000000eaba100000) (1024K)]
  0x000002a7a0bb55d0 JavaThread "Refresh Thread: Equinox Container: 158b4d07-0785-4401-872c-9e99829a0670" daemon [_thread_blocked, id=9380, stack(0x000000eab9900000,0x000000eab9a00000) (1024K)]
  0x000002a7a0436780 JavaThread "Framework Event Dispatcher: Equinox Container: 158b4d07-0785-4401-872c-9e99829a0670" daemon [_thread_blocked, id=4824, stack(0x000000eaba200000,0x000000eaba300000) (1024K)]
=>0x000002a7a0aa69b0 JavaThread "Start Level: Equinox Container: 158b4d07-0785-4401-872c-9e99829a0670" daemon [_thread_in_vm, id=17512, stack(0x000000eaba300000,0x000000eaba400000) (1024K)]
  0x000002a7a0b11490 JavaThread "Bundle File Closer"         daemon [_thread_blocked, id=14036, stack(0x000000eaba500000,0x000000eaba600000) (1024K)]
  0x000002a7a14b7210 JavaThread "C2 CompilerThread1"         daemon [_thread_blocked, id=15964, stack(0x000000eab9600000,0x000000eab9700000) (1024K)]
  0x000002a7a1159f30 JavaThread "SCR Component Actor"        daemon [_thread_blocked, id=9208, stack(0x000000eaba400000,0x000000eaba500000) (1024K)]
  0x000002a7a0e469b0 JavaThread "Worker-JM"                         [_thread_blocked, id=1568, stack(0x000000eaba600000,0x000000eaba700000) (1024K)]
  0x000002a7a0e46320 JavaThread "JNA Cleaner"                daemon [_thread_blocked, id=8176, stack(0x000000eaba800000,0x000000eaba900000) (1024K)]
  0x000002a7a0e448e0 JavaThread "Worker-0: Repository registry initialization"        [_thread_blocked, id=9148, stack(0x000000eaba900000,0x000000eabaa00000) (1024K)]
  0x000002a7a0e47040 JavaThread "Worker-1: Refreshing workspace"        [_thread_blocked, id=18416, stack(0x000000eabaa00000,0x000000eabab00000) (1024K)]
  0x000002a7a0e45c90 JavaThread "Worker-2: Updating workspace"        [_thread_blocked, id=17376, stack(0x000000eabab00000,0x000000eabac00000) (1024K)]
  0x000002a7a017d6b0 JavaThread "C2 CompilerThread2"         daemon [_thread_blocked, id=8436, stack(0x000000eaba700000,0x000000eaba800000) (1024K)]
  0x000002a7a0e45600 JavaThread "Worker-3"                          [_thread_blocked, id=3888, stack(0x000000eabac00000,0x000000eabad00000) (1024K)]
Total: 25

Other Threads:
  0x000002a759612ca0 VMThread "VM Thread"                           [id=19416, stack(0x000000eab8d00000,0x000000eab8e00000) (1024K)] _threads_hazard_ptr=0x000002a7a0d91fe0
  0x000002a75952ca00 WatcherThread "VM Periodic Task Thread"        [id=11176, stack(0x000000eab8c00000,0x000000eab8d00000) (1024K)]
  0x000002a742bca520 WorkerThread "GC Thread#0"                     [id=7000, stack(0x000000eab8b00000,0x000000eab8c00000) (1024K)]
  0x000002a7a09bb9c0 WorkerThread "GC Thread#1"                     [id=10680, stack(0x000000eab9a00000,0x000000eab9b00000) (1024K)]
  0x000002a7a0b66ea0 WorkerThread "GC Thread#2"                     [id=18948, stack(0x000000eab9b00000,0x000000eab9c00000) (1024K)]
  0x000002a7a0b67240 WorkerThread "GC Thread#3"                     [id=1672, stack(0x000000eab9c00000,0x000000eab9d00000) (1024K)]
  0x000002a7a0b73e40 WorkerThread "GC Thread#4"                     [id=18872, stack(0x000000eab9d00000,0x000000eab9e00000) (1024K)]
  0x000002a7a0b741e0 WorkerThread "GC Thread#5"                     [id=13020, stack(0x000000eab9e00000,0x000000eab9f00000) (1024K)]
  0x000002a7a0b74580 WorkerThread "GC Thread#6"                     [id=15388, stack(0x000000eab9f00000,0x000000eaba000000) (1024K)]
  0x000002a7a0bb71f0 WorkerThread "GC Thread#7"                     [id=12652, stack(0x000000eaba100000,0x000000eaba200000) (1024K)]
Total: 10

Threads with active compile tasks:
C2 CompilerThread0  9510 4718       4       java.lang.Object::toString (36 bytes)
C1 CompilerThread0  9510 4731       3       java.util.regex.Pattern::escape (1306 bytes)
C2 CompilerThread1  9510 4739   !   4       org.eclipse.core.internal.resources.Workspace::getResourceInfo (109 bytes)
C2 CompilerThread2  9510 4727       4       org.eclipse.core.internal.dtree.AbstractDataTreeNode::assembleWith (502 bytes)
Total: 4

VM state: synchronizing (normal execution)

VM Mutex/Monitor currently owned by a thread:  ([mutex/lock_event])
[0x00007ff86656d570] Threads_lock - owner thread: 0x000002a759612ca0

Heap address: 0x0000000080000000, size: 2048 MB, Compressed Oops mode: 32-bit

CDS archive(s) mapped at: [0x000002a75a000000-0x000002a75aba0000-0x000002a75aba0000), size 12189696, SharedBaseAddress: 0x000002a75a000000, ArchiveRelocationMode: 1.
Compressed class space mapped at: 0x000002a75b000000-0x000002a79b000000, reserved size: 1073741824
Narrow klass base: 0x000002a75a000000, Narrow klass shift: 0, Narrow klass range: 0x100000000

GC Precious Log:
 CardTable entry size: 512
 CPUs: 8 total, 8 available
 Memory: 8043M
 Large Page Support: Disabled
 NUMA Support: Disabled
 Compressed Oops: Enabled (32-bit)
 Alignments: Space 512K, Generation 512K, Heap 2M
 Heap Min Capacity: 100M
 Heap Initial Capacity: 100M
 Heap Max Capacity: 2G
 Pre-touch: Disabled
 Parallel Workers: 8

Heap:
 PSYoungGen      total 25088K, used 20745K [0x00000000d5580000, 0x00000000d7380000, 0x0000000100000000)
  eden space 23552K, 82% used [0x00000000d5580000,0x00000000d6872310,0x00000000d6c80000)
  from space 1536K, 87% used [0x00000000d6e80000,0x00000000d6fd0388,0x00000000d7000000)
  to   space 2048K, 0% used [0x00000000d7180000,0x00000000d7180000,0x00000000d7380000)
 ParOldGen       total 68608K, used 12715K [0x0000000080000000, 0x0000000084300000, 0x00000000d5580000)
  object space 68608K, 18% used [0x0000000080000000,0x0000000080c6ad70,0x0000000084300000)
 Metaspace       used 26322K, committed 27328K, reserved 1114112K
  class space    used 2624K, committed 3072K, reserved 1048576K

Card table byte_map: [0x000002a742560000,0x000002a742970000] _byte_map_base: 0x000002a742160000

Marking Bits: (ParMarkBitMap*) 0x00007ff866572460
 Begin Bits: [0x000002a755050000, 0x000002a757050000)
 End Bits:   [0x000002a757050000, 0x000002a759050000)

Polling page: 0x000002a740ba0000

Metaspace:

Usage:
  Non-class:     23.14 MB used.
      Class:      2.56 MB used.
       Both:     25.71 MB used.

Virtual space:
  Non-class space:       64.00 MB reserved,      23.69 MB ( 37%) committed,  1 nodes.
      Class space:        1.00 GB reserved,       3.00 MB ( <1%) committed,  1 nodes.
             Both:        1.06 GB reserved,      26.69 MB (  2%) committed. 

Chunk freelists:
   Non-Class:  8.22 MB
       Class:  12.95 MB
        Both:  21.17 MB

MaxMetaspaceSize: unlimited
CompressedClassSpaceSize: 1.00 GB
Initial GC threshold: 21.00 MB
Current GC threshold: 35.00 MB
CDS: on
 - commit_granule_bytes: 65536.
 - commit_granule_words: 8192.
 - virtual_space_node_default_size: 8388608.
 - enlarge_chunks_in_place: 1.
 - use_allocation_guard: 0.


Internal statistics:

num_allocs_failed_limit: 3.
num_arena_births: 802.
num_arena_deaths: 14.
num_vsnodes_births: 2.
num_vsnodes_deaths: 0.
num_space_committed: 427.
num_space_uncommitted: 0.
num_chunks_returned_to_freelist: 17.
num_chunks_taken_from_freelist: 1901.
num_chunk_merges: 7.
num_chunk_splits: 1202.
num_chunks_enlarged: 706.
num_inconsistent_stats: 0.

CodeHeap 'non-profiled nmethods': size=120000Kb used=2205Kb max_used=2205Kb free=117794Kb
 bounds [0x000002a74d870000, 0x000002a74dae0000, 0x000002a754da0000]
CodeHeap 'profiled nmethods': size=120000Kb used=9800Kb max_used=9800Kb free=110199Kb
 bounds [0x000002a745da0000, 0x000002a746740000, 0x000002a74d2d0000]
CodeHeap 'non-nmethods': size=5760Kb used=1329Kb max_used=1354Kb free=4430Kb
 bounds [0x000002a74d2d0000, 0x000002a74d540000, 0x000002a74d870000]
CodeCache: size=245760Kb, used=13334Kb, max_used=13359Kb, free=232423Kb
 total_blobs=5352, nmethods=4733, adapters=525, full_count=0
Compilation: enabled, stopped_count=0, restarted_count=0

Compilation events (20 events):
Event: 6.284 Thread 0x000002a75964e270 nmethod 4728 0x000002a74672b290 code [0x000002a74672b480, 0x000002a74672b930]
Event: 6.294 Thread 0x000002a7a14b7210 4729 %     4       java.net.URI$Parser::scan @ 3 (41 bytes)
Event: 6.299 Thread 0x000002a75964e270 4730       3       org.eclipse.core.runtime.ListenerList::<init> (43 bytes)
Event: 7.316 Thread 0x000002a75964e270 nmethod 4730 0x000002a74672bb10 code [0x000002a74672bce0, 0x000002a74672bff0]
Event: 7.316 Thread 0x000002a7a14b7210 nmethod 4729% 0x000002a74da93e90 code [0x000002a74da94060, 0x000002a74da94518]
Event: 7.316 Thread 0x000002a75964e270 4740       3       java.lang.Long::parseLong (272 bytes)
Event: 7.317 Thread 0x000002a7a14b7210 4739   !   4       org.eclipse.core.internal.resources.Workspace::getResourceInfo (109 bytes)
Event: 7.323 Thread 0x000002a75964e270 nmethod 4740 0x000002a74672c110 code [0x000002a74672c580, 0x000002a74672e330]
Event: 7.324 Thread 0x000002a75964e270 4743       3       org.eclipse.core.internal.dtree.NoDataDeltaNode::<init> (7 bytes)
Event: 7.325 Thread 0x000002a75964e270 nmethod 4743 0x000002a74672ef90 code [0x000002a74672f140, 0x000002a74672f400]
Event: 7.325 Thread 0x000002a75964e270 4746       3       org.eclipse.core.internal.dtree.NoDataDeltaNode::copy (52 bytes)
Event: 7.326 Thread 0x000002a75964e270 nmethod 4746 0x000002a74672f510 code [0x000002a74672f6e0, 0x000002a74672fa88]
Event: 7.326 Thread 0x000002a75964e270 4734       3       org.eclipse.core.internal.localstore.UnifiedTreeNode::getStore (26 bytes)
Event: 7.328 Thread 0x000002a75964e270 nmethod 4734 0x000002a74672fc10 code [0x000002a74672fde0, 0x000002a746730268]
Event: 7.328 Thread 0x000002a75964e270 4750       3       org.lombokweb.asm.MethodWriter::visitFieldInsn (258 bytes)
Event: 7.331 Thread 0x000002a75964e270 nmethod 4750 0x000002a746730410 code [0x000002a746730680, 0x000002a746731230]
Event: 7.333 Thread 0x000002a75964e270 4732  s    3       org.eclipse.core.internal.registry.RegistryObjectManager::getContributor (39 bytes)
Event: 7.336 Thread 0x000002a75964e270 nmethod 4732 0x000002a746731690 code [0x000002a7467318a0, 0x000002a746731f70]
Event: 7.336 Thread 0x000002a75964e270 4731       3       java.util.regex.Pattern::escape (1306 bytes)
Event: 7.346 Thread 0x000002a759640e00 nmethod 4718 0x000002a74da94910 code [0x000002a74da94be0, 0x000002a74da96750]

GC Heap History (20 events):
Event: 0.695 GC heap before
{Heap before GC invocations=1 (full 0):
 PSYoungGen      total 29696K, used 25600K [0x00000000d5580000, 0x00000000d7680000, 0x0000000100000000)
  eden space 25600K, 100% used [0x00000000d5580000,0x00000000d6e80000,0x00000000d6e80000)
  from space 4096K, 0% used [0x00000000d7280000,0x00000000d7280000,0x00000000d7680000)
  to   space 4096K, 0% used [0x00000000d6e80000,0x00000000d6e80000,0x00000000d7280000)
 ParOldGen       total 68608K, used 0K [0x0000000080000000, 0x0000000084300000, 0x00000000d5580000)
  object space 68608K, 0% used [0x0000000080000000,0x0000000080000000,0x0000000084300000)
 Metaspace       used 4306K, committed 4544K, reserved 1114112K
  class space    used 472K, committed 576K, reserved 1048576K
}
Event: 0.700 GC heap after
{Heap after GC invocations=1 (full 0):
 PSYoungGen      total 29696K, used 3319K [0x00000000d5580000, 0x00000000d7680000, 0x0000000100000000)
  eden space 25600K, 0% used [0x00000000d5580000,0x00000000d5580000,0x00000000d6e80000)
  from space 4096K, 81% used [0x00000000d6e80000,0x00000000d71bde88,0x00000000d7280000)
  to   space 4096K, 0% used [0x00000000d7280000,0x00000000d7280000,0x00000000d7680000)
 ParOldGen       total 68608K, used 16K [0x0000000080000000, 0x0000000084300000, 0x00000000d5580000)
  object space 68608K, 0% used [0x0000000080000000,0x0000000080004000,0x0000000084300000)
 Metaspace       used 4306K, committed 4544K, reserved 1114112K
  class space    used 472K, committed 576K, reserved 1048576K
}
Event: 1.489 GC heap before
{Heap before GC invocations=2 (full 0):
 PSYoungGen      total 29696K, used 28919K [0x00000000d5580000, 0x00000000d7680000, 0x0000000100000000)
  eden space 25600K, 100% used [0x00000000d5580000,0x00000000d6e80000,0x00000000d6e80000)
  from space 4096K, 81% used [0x00000000d6e80000,0x00000000d71bde88,0x00000000d7280000)
  to   space 4096K, 0% used [0x00000000d7280000,0x00000000d7280000,0x00000000d7680000)
 ParOldGen       total 68608K, used 16K [0x0000000080000000, 0x0000000084300000, 0x00000000d5580000)
  object space 68608K, 0% used [0x0000000080000000,0x0000000080004000,0x0000000084300000)
 Metaspace       used 8068K, committed 8320K, reserved 1114112K
  class space    used 851K, committed 960K, reserved 1048576K
}
Event: 1.495 GC heap after
{Heap after GC invocations=2 (full 0):
 PSYoungGen      total 29696K, used 4070K [0x00000000d5580000, 0x00000000d7680000, 0x0000000100000000)
  eden space 25600K, 0% used [0x00000000d5580000,0x00000000d5580000,0x00000000d6e80000)
  from space 4096K, 99% used [0x00000000d7280000,0x00000000d7679800,0x00000000d7680000)
  to   space 4096K, 0% used [0x00000000d6e80000,0x00000000d6e80000,0x00000000d7280000)
 ParOldGen       total 68608K, used 1539K [0x0000000080000000, 0x0000000084300000, 0x00000000d5580000)
  object space 68608K, 2% used [0x0000000080000000,0x0000000080180f20,0x0000000084300000)
 Metaspace       used 8068K, committed 8320K, reserved 1114112K
  class space    used 851K, committed 960K, reserved 1048576K
}
Event: 1.881 GC heap before
{Heap before GC invocations=3 (full 0):
 PSYoungGen      total 29696K, used 29670K [0x00000000d5580000, 0x00000000d7680000, 0x0000000100000000)
  eden space 25600K, 100% used [0x00000000d5580000,0x00000000d6e80000,0x00000000d6e80000)
  from space 4096K, 99% used [0x00000000d7280000,0x00000000d7679800,0x00000000d7680000)
  to   space 4096K, 0% used [0x00000000d6e80000,0x00000000d6e80000,0x00000000d7280000)
 ParOldGen       total 68608K, used 1539K [0x0000000080000000, 0x0000000084300000, 0x00000000d5580000)
  object space 68608K, 2% used [0x0000000080000000,0x0000000080180f20,0x0000000084300000)
 Metaspace       used 9399K, committed 9728K, reserved 1114112K
  class space    used 1008K, committed 1152K, reserved 1048576K
}
Event: 1.888 GC heap after
{Heap after GC invocations=3 (full 0):
 PSYoungGen      total 29696K, used 4074K [0x00000000d5580000, 0x00000000d7680000, 0x0000000100000000)
  eden space 25600K, 0% used [0x00000000d5580000,0x00000000d5580000,0x00000000d6e80000)
  from space 4096K, 99% used [0x00000000d6e80000,0x00000000d727ab88,0x00000000d7280000)
  to   space 4096K, 0% used [0x00000000d7280000,0x00000000d7280000,0x00000000d7680000)
 ParOldGen       total 68608K, used 4973K [0x0000000080000000, 0x0000000084300000, 0x00000000d5580000)
  object space 68608K, 7% used [0x0000000080000000,0x00000000804db668,0x0000000084300000)
 Metaspace       used 9399K, committed 9728K, reserved 1114112K
  class space    used 1008K, committed 1152K, reserved 1048576K
}
Event: 2.795 GC heap before
{Heap before GC invocations=4 (full 0):
 PSYoungGen      total 29696K, used 29674K [0x00000000d5580000, 0x00000000d7680000, 0x0000000100000000)
  eden space 25600K, 100% used [0x00000000d5580000,0x00000000d6e80000,0x00000000d6e80000)
  from space 4096K, 99% used [0x00000000d6e80000,0x00000000d727ab88,0x00000000d7280000)
  to   space 4096K, 0% used [0x00000000d7280000,0x00000000d7280000,0x00000000d7680000)
 ParOldGen       total 68608K, used 4973K [0x0000000080000000, 0x0000000084300000, 0x00000000d5580000)
  object space 68608K, 7% used [0x0000000080000000,0x00000000804db668,0x0000000084300000)
 Metaspace       used 12289K, committed 12672K, reserved 1114112K
  class space    used 1310K, committed 1472K, reserved 1048576K
}
Event: 2.800 GC heap after
{Heap after GC invocations=4 (full 0):
 PSYoungGen      total 29696K, used 4074K [0x00000000d5580000, 0x00000000d7680000, 0x0000000100000000)
  eden space 25600K, 0% used [0x00000000d5580000,0x00000000d5580000,0x00000000d6e80000)
  from space 4096K, 99% used [0x00000000d7280000,0x00000000d767a938,0x00000000d7680000)
  to   space 4096K, 0% used [0x00000000d6e80000,0x00000000d6e80000,0x00000000d7280000)
 ParOldGen       total 68608K, used 6422K [0x0000000080000000, 0x0000000084300000, 0x00000000d5580000)
  object space 68608K, 9% used [0x0000000080000000,0x0000000080645820,0x0000000084300000)
 Metaspace       used 12289K, committed 12672K, reserved 1114112K
  class space    used 1310K, committed 1472K, reserved 1048576K
}
Event: 3.312 GC heap before
{Heap before GC invocations=5 (full 0):
 PSYoungGen      total 29696K, used 29674K [0x00000000d5580000, 0x00000000d7680000, 0x0000000100000000)
  eden space 25600K, 100% used [0x00000000d5580000,0x00000000d6e80000,0x00000000d6e80000)
  from space 4096K, 99% used [0x00000000d7280000,0x00000000d767a938,0x00000000d7680000)
  to   space 4096K, 0% used [0x00000000d6e80000,0x00000000d6e80000,0x00000000d7280000)
 ParOldGen       total 68608K, used 6422K [0x0000000080000000, 0x0000000084300000, 0x00000000d5580000)
  object space 68608K, 9% used [0x0000000080000000,0x0000000080645820,0x0000000084300000)
 Metaspace       used 15681K, committed 16256K, reserved 1114112K
  class space    used 1604K, committed 1856K, reserved 1048576K
}
Event: 3.317 GC heap after
{Heap after GC invocations=5 (full 0):
 PSYoungGen      total 29184K, used 4069K [0x00000000d5580000, 0x00000000d7a00000, 0x0000000100000000)
  eden space 25088K, 0% used [0x00000000d5580000,0x00000000d5580000,0x00000000d6e00000)
  from space 4096K, 99% used [0x00000000d6e80000,0x00000000d7279608,0x00000000d7280000)
  to   space 6144K, 0% used [0x00000000d7400000,0x00000000d7400000,0x00000000d7a00000)
 ParOldGen       total 68608K, used 7877K [0x0000000080000000, 0x0000000084300000, 0x00000000d5580000)
  object space 68608K, 11% used [0x0000000080000000,0x00000000807b16b8,0x0000000084300000)
 Metaspace       used 15681K, committed 16256K, reserved 1114112K
  class space    used 1604K, committed 1856K, reserved 1048576K
}
Event: 4.145 GC heap before
{Heap before GC invocations=6 (full 0):
 PSYoungGen      total 29184K, used 29157K [0x00000000d5580000, 0x00000000d7a00000, 0x0000000100000000)
  eden space 25088K, 100% used [0x00000000d5580000,0x00000000d6e00000,0x00000000d6e00000)
  from space 4096K, 99% used [0x00000000d6e80000,0x00000000d7279608,0x00000000d7280000)
  to   space 6144K, 0% used [0x00000000d7400000,0x00000000d7400000,0x00000000d7a00000)
 ParOldGen       total 68608K, used 7877K [0x0000000080000000, 0x0000000084300000, 0x00000000d5580000)
  object space 68608K, 11% used [0x0000000080000000,0x00000000807b16b8,0x0000000084300000)
 Metaspace       used 18760K, committed 19520K, reserved 1114112K
  class space    used 1945K, committed 2240K, reserved 1048576K
}
Event: 4.149 GC heap after
{Heap after GC invocations=6 (full 0):
 PSYoungGen      total 30208K, used 5565K [0x00000000d5580000, 0x00000000d7980000, 0x0000000100000000)
  eden space 24576K, 0% used [0x00000000d5580000,0x00000000d5580000,0x00000000d6d80000)
  from space 5632K, 98% used [0x00000000d7400000,0x00000000d796f788,0x00000000d7980000)
  to   space 5632K, 0% used [0x00000000d6e80000,0x00000000d6e80000,0x00000000d7400000)
 ParOldGen       total 68608K, used 7885K [0x0000000080000000, 0x0000000084300000, 0x00000000d5580000)
  object space 68608K, 11% used [0x0000000080000000,0x00000000807b36b8,0x0000000084300000)
 Metaspace       used 18760K, committed 19520K, reserved 1114112K
  class space    used 1945K, committed 2240K, reserved 1048576K
}
Event: 5.533 GC heap before
{Heap before GC invocations=7 (full 0):
 PSYoungGen      total 30208K, used 25062K [0x00000000d5580000, 0x00000000d7980000, 0x0000000100000000)
  eden space 24576K, 79% used [0x00000000d5580000,0x00000000d688a2f8,0x00000000d6d80000)
  from space 5632K, 98% used [0x00000000d7400000,0x00000000d796f788,0x00000000d7980000)
  to   space 5632K, 0% used [0x00000000d6e80000,0x00000000d6e80000,0x00000000d7400000)
 ParOldGen       total 68608K, used 7885K [0x0000000080000000, 0x0000000084300000, 0x00000000d5580000)
  object space 68608K, 11% used [0x0000000080000000,0x00000000807b36b8,0x0000000084300000)
 Metaspace       used 20666K, committed 21504K, reserved 1114112K
  class space    used 2186K, committed 2560K, reserved 1048576K
}
Event: 5.538 GC heap after
{Heap after GC invocations=7 (full 0):
 PSYoungGen      total 29184K, used 4181K [0x00000000d5580000, 0x00000000d7780000, 0x0000000100000000)
  eden space 24576K, 0% used [0x00000000d5580000,0x00000000d5580000,0x00000000d6d80000)
  from space 4608K, 90% used [0x00000000d6e80000,0x00000000d7295428,0x00000000d7300000)
  to   space 4608K, 0% used [0x00000000d7300000,0x00000000d7300000,0x00000000d7780000)
 ParOldGen       total 68608K, used 9255K [0x0000000080000000, 0x0000000084300000, 0x00000000d5580000)
  object space 68608K, 13% used [0x0000000080000000,0x0000000080909f68,0x0000000084300000)
 Metaspace       used 20666K, committed 21504K, reserved 1114112K
  class space    used 2186K, committed 2560K, reserved 1048576K
}
Event: 5.538 GC heap before
{Heap before GC invocations=8 (full 1):
 PSYoungGen      total 29184K, used 4181K [0x00000000d5580000, 0x00000000d7780000, 0x0000000100000000)
  eden space 24576K, 0% used [0x00000000d5580000,0x00000000d5580000,0x00000000d6d80000)
  from space 4608K, 90% used [0x00000000d6e80000,0x00000000d7295428,0x00000000d7300000)
  to   space 4608K, 0% used [0x00000000d7300000,0x00000000d7300000,0x00000000d7780000)
 ParOldGen       total 68608K, used 9255K [0x0000000080000000, 0x0000000084300000, 0x00000000d5580000)
  object space 68608K, 13% used [0x0000000080000000,0x0000000080909f68,0x0000000084300000)
 Metaspace       used 20666K, committed 21504K, reserved 1114112K
  class space    used 2186K, committed 2560K, reserved 1048576K
}
Event: 5.586 GC heap after
{Heap after GC invocations=8 (full 1):
 PSYoungGen      total 29184K, used 0K [0x00000000d5580000, 0x00000000d7780000, 0x0000000100000000)
  eden space 24576K, 0% used [0x00000000d5580000,0x00000000d5580000,0x00000000d6d80000)
  from space 4608K, 0% used [0x00000000d6e80000,0x00000000d6e80000,0x00000000d7300000)
  to   space 4608K, 0% used [0x00000000d7300000,0x00000000d7300000,0x00000000d7780000)
 ParOldGen       total 68608K, used 12699K [0x0000000080000000, 0x0000000084300000, 0x00000000d5580000)
  object space 68608K, 18% used [0x0000000080000000,0x0000000080c66d70,0x0000000084300000)
 Metaspace       used 20653K, committed 21504K, reserved 1114112K
  class space    used 2182K, committed 2560K, reserved 1048576K
}
Event: 5.955 GC heap before
{Heap before GC invocations=9 (full 1):
 PSYoungGen      total 29184K, used 24576K [0x00000000d5580000, 0x00000000d7780000, 0x0000000100000000)
  eden space 24576K, 100% used [0x00000000d5580000,0x00000000d6d80000,0x00000000d6d80000)
  from space 4608K, 0% used [0x00000000d6e80000,0x00000000d6e80000,0x00000000d7300000)
  to   space 4608K, 0% used [0x00000000d7300000,0x00000000d7300000,0x00000000d7780000)
 ParOldGen       total 68608K, used 12699K [0x0000000080000000, 0x0000000084300000, 0x00000000d5580000)
  object space 68608K, 18% used [0x0000000080000000,0x0000000080c66d70,0x0000000084300000)
 Metaspace       used 22662K, committed 23616K, reserved 1114112K
  class space    used 2366K, committed 2816K, reserved 1048576K
}
Event: 5.957 GC heap after
{Heap after GC invocations=9 (full 1):
 PSYoungGen      total 26624K, used 2463K [0x00000000d5580000, 0x00000000d7580000, 0x0000000100000000)
  eden space 24064K, 0% used [0x00000000d5580000,0x00000000d5580000,0x00000000d6d00000)
  from space 2560K, 96% used [0x00000000d7300000,0x00000000d7567ea8,0x00000000d7580000)
  to   space 3584K, 0% used [0x00000000d6e80000,0x00000000d6e80000,0x00000000d7200000)
 ParOldGen       total 68608K, used 12707K [0x0000000080000000, 0x0000000084300000, 0x00000000d5580000)
  object space 68608K, 18% used [0x0000000080000000,0x0000000080c68d70,0x0000000084300000)
 Metaspace       used 22662K, committed 23616K, reserved 1114112K
  class space    used 2366K, committed 2816K, reserved 1048576K
}
Event: 6.234 GC heap before
{Heap before GC invocations=10 (full 1):
 PSYoungGen      total 26624K, used 26527K [0x00000000d5580000, 0x00000000d7580000, 0x0000000100000000)
  eden space 24064K, 100% used [0x00000000d5580000,0x00000000d6d00000,0x00000000d6d00000)
  from space 2560K, 96% used [0x00000000d7300000,0x00000000d7567ea8,0x00000000d7580000)
  to   space 3584K, 0% used [0x00000000d6e80000,0x00000000d6e80000,0x00000000d7200000)
 ParOldGen       total 68608K, used 12707K [0x0000000080000000, 0x0000000084300000, 0x00000000d5580000)
  object space 68608K, 18% used [0x0000000080000000,0x0000000080c68d70,0x0000000084300000)
 Metaspace       used 25623K, committed 26560K, reserved 1114112K
  class space    used 2552K, committed 3008K, reserved 1048576K
}
Event: 6.237 GC heap after
{Heap after GC invocations=10 (full 1):
 PSYoungGen      total 25088K, used 1344K [0x00000000d5580000, 0x00000000d7380000, 0x0000000100000000)
  eden space 23552K, 0% used [0x00000000d5580000,0x00000000d5580000,0x00000000d6c80000)
  from space 1536K, 87% used [0x00000000d6e80000,0x00000000d6fd0388,0x00000000d7000000)
  to   space 2048K, 0% used [0x00000000d7180000,0x00000000d7180000,0x00000000d7380000)
 ParOldGen       total 68608K, used 12715K [0x0000000080000000, 0x0000000084300000, 0x00000000d5580000)
  object space 68608K, 18% used [0x0000000080000000,0x0000000080c6ad70,0x0000000084300000)
 Metaspace       used 25623K, committed 26560K, reserved 1114112K
  class space    used 2552K, committed 3008K, reserved 1048576K
}

Dll operation events (10 events):
Event: 0.019 Loaded shared library c:\Users\arjun\.vscode\extensions\redhat.java-1.49.0-win32-x64\jre\21.0.9-win32-x86_64\bin\java.dll
Event: 0.122 Loaded shared library c:\Users\arjun\.vscode\extensions\redhat.java-1.49.0-win32-x64\jre\21.0.9-win32-x86_64\bin\zip.dll
Event: 0.144 Loaded shared library C:\Users\arjun\.vscode\extensions\redhat.java-1.49.0-win32-x64\jre\21.0.9-win32-x86_64\bin\instrument.dll
Event: 0.149 Loaded shared library C:\Users\arjun\.vscode\extensions\redhat.java-1.49.0-win32-x64\jre\21.0.9-win32-x86_64\bin\net.dll
Event: 0.151 Loaded shared library C:\Users\arjun\.vscode\extensions\redhat.java-1.49.0-win32-x64\jre\21.0.9-win32-x86_64\bin\nio.dll
Event: 0.156 Loaded shared library C:\Users\arjun\.vscode\extensions\redhat.java-1.49.0-win32-x64\jre\21.0.9-win32-x86_64\bin\zip.dll
Event: 0.175 Loaded shared library C:\Users\arjun\.vscode\extensions\redhat.java-1.49.0-win32-x64\jre\21.0.9-win32-x86_64\bin\jimage.dll
Event: 0.261 Loaded shared library c:\Users\arjun\.vscode\extensions\redhat.java-1.49.0-win32-x64\jre\21.0.9-win32-x86_64\bin\verify.dll
Event: 1.482 Loaded shared library C:\Users\arjun\AppData\Roaming\Code\User\globalStorage\redhat.java\1.49.0\config_win\org.eclipse.equinox.launcher\org.eclipse.equinox.launcher.win32.win32.x86_64_1.2.1400.v20250801-0854\eclipse_11916.dll
Event: 3.605 Loaded shared library C:\Users\arjun\AppData\Local\Temp\jna-93083314\jna3488054110453980859.dll

Deoptimization events (20 events):
Event: 6.184 Thread 0x000002a7a0e47040 DEOPT PACKING pc=0x000002a74da86ecc sp=0x000000eabaafed50
Event: 6.184 Thread 0x000002a7a0e47040 DEOPT UNPACKING pc=0x000002a74d323aa2 sp=0x000000eabaafeca0 mode 2
Event: 6.184 Thread 0x000002a7a0e47040 Uncommon trap: trap_request=0xffffff45 fr.pc=0x000002a74da86f10 relative=0x0000000000001730
Event: 6.184 Thread 0x000002a7a0e47040 Uncommon trap: reason=unstable_if action=reinterpret pc=0x000002a74da86f10 method=org.eclipse.core.internal.dtree.AbstractDataTreeNode.assembleWith([Lorg/eclipse/core/internal/dtree/AbstractDataTreeNode;[Lorg/eclipse/core/internal/dtree/AbstractDataTreeNo
Event: 6.184 Thread 0x000002a7a0e47040 DEOPT PACKING pc=0x000002a74da86f10 sp=0x000000eabaafec00
Event: 6.184 Thread 0x000002a7a0e47040 DEOPT UNPACKING pc=0x000002a74d323aa2 sp=0x000000eabaafebd8 mode 2
Event: 6.185 Thread 0x000002a7a0e47040 Uncommon trap: trap_request=0xffffffc6 fr.pc=0x000002a74da6edf8 relative=0x0000000000000478
Event: 6.185 Thread 0x000002a7a0e47040 Uncommon trap: reason=bimorphic_or_optimized_type_check action=maybe_recompile pc=0x000002a74da6edf8 method=org.eclipse.core.internal.dtree.DeltaDataTree.lookup(Lorg/eclipse/core/runtime/IPath;)Lorg/eclipse/core/internal/dtree/DataTreeLookup; @ 66 c2
Event: 6.185 Thread 0x000002a7a0e47040 DEOPT PACKING pc=0x000002a74da6edf8 sp=0x000000eabaafef30
Event: 6.185 Thread 0x000002a7a0e47040 DEOPT UNPACKING pc=0x000002a74d323aa2 sp=0x000000eabaafeeb0 mode 2
Event: 6.192 Thread 0x000002a7a0e47040 Uncommon trap: trap_request=0xffffffc6 fr.pc=0x000002a74da6edf8 relative=0x0000000000000478
Event: 6.192 Thread 0x000002a7a0e47040 Uncommon trap: reason=bimorphic_or_optimized_type_check action=maybe_recompile pc=0x000002a74da6edf8 method=org.eclipse.core.internal.dtree.DeltaDataTree.lookup(Lorg/eclipse/core/runtime/IPath;)Lorg/eclipse/core/internal/dtree/DataTreeLookup; @ 66 c2
Event: 6.192 Thread 0x000002a7a0e47040 DEOPT PACKING pc=0x000002a74da6edf8 sp=0x000000eabaafecc0
Event: 6.192 Thread 0x000002a7a0e47040 DEOPT UNPACKING pc=0x000002a74d323aa2 sp=0x000000eabaafec40 mode 2
Event: 6.263 Thread 0x000002a7a0aa69b0 Uncommon trap: trap_request=0xffffff45 fr.pc=0x000002a74da8b3d0 relative=0x0000000000000390
Event: 6.263 Thread 0x000002a7a0aa69b0 Uncommon trap: reason=unstable_if action=reinterpret pc=0x000002a74da8b3d0 method=org.lombokweb.asm.Label.resolve([BLorg/lombokweb/asm/ByteVector;I)Z @ 81 c2
Event: 6.263 Thread 0x000002a7a0aa69b0 DEOPT PACKING pc=0x000002a74da8b3d0 sp=0x000000eaba3eef50
Event: 6.263 Thread 0x000002a7a0aa69b0 DEOPT UNPACKING pc=0x000002a74d323aa2 sp=0x000000eaba3eee58 mode 2
Event: 7.346 Thread 0x000002a7a0e47040 DEOPT PACKING pc=0x000002a7461ff55c sp=0x000000eabaafdb40
Event: 7.347 Thread 0x000002a7a0e47040 DEOPT UNPACKING pc=0x000002a74d324242 sp=0x000000eabaafd0d8 mode 0

Classes loaded (20 events):
Event: 5.858 Loading class java/util/zip/GZIPInputStream
Event: 5.858 Loading class java/util/zip/GZIPInputStream done
Event: 5.864 Loading class java/net/SocketTimeoutException
Event: 5.864 Loading class java/io/InterruptedIOException
Event: 5.864 Loading class java/io/InterruptedIOException done
Event: 5.864 Loading class java/net/SocketTimeoutException done
Event: 5.864 Loading class java/net/SocketException
Event: 5.864 Loading class java/net/SocketException done
Event: 5.864 Loading class java/net/UnknownHostException
Event: 5.864 Loading class java/net/UnknownHostException done
Event: 5.864 Loading class java/net/ProtocolException
Event: 5.864 Loading class java/net/ProtocolException done
Event: 5.891 Loading class java/lang/ThreadLocal$SuppliedThreadLocal
Event: 5.891 Loading class java/lang/ThreadLocal$SuppliedThreadLocal done
Event: 5.905 Loading class java/io/FileWriter
Event: 5.905 Loading class java/io/FileWriter done
Event: 5.907 Loading class java/util/ImmutableCollections$SubList
Event: 5.908 Loading class java/util/ImmutableCollections$SubList done
Event: 5.981 Loading class java/lang/NegativeArraySizeException
Event: 5.981 Loading class java/lang/NegativeArraySizeException done

Classes unloaded (7 events):
Event: 5.546 Thread 0x000002a759612ca0 Unloading class 0x000002a75b1ac800 'java/lang/invoke/LambdaForm$MH+0x000002a75b1ac800'
Event: 5.546 Thread 0x000002a759612ca0 Unloading class 0x000002a75b1ac400 'java/lang/invoke/LambdaForm$MH+0x000002a75b1ac400'
Event: 5.546 Thread 0x000002a759612ca0 Unloading class 0x000002a75b1ac000 'java/lang/invoke/LambdaForm$MH+0x000002a75b1ac000'
Event: 5.546 Thread 0x000002a759612ca0 Unloading class 0x000002a75b1abc00 'java/lang/invoke/LambdaForm$MH+0x000002a75b1abc00'
Event: 5.546 Thread 0x000002a759612ca0 Unloading class 0x000002a75b1ab800 'java/lang/invoke/LambdaForm$BMH+0x000002a75b1ab800'
Event: 5.546 Thread 0x000002a759612ca0 Unloading class 0x000002a75b1ab400 'java/lang/invoke/LambdaForm$DMH+0x000002a75b1ab400'
Event: 5.546 Thread 0x000002a759612ca0 Unloading class 0x000002a75b1aa000 'java/lang/invoke/LambdaForm$DMH+0x000002a75b1aa000'

Classes redefined (0 events):
No events

Internal exceptions (20 events):
Event: 5.530 Thread 0x000002a7a0aa69b0 Exception <a 'java/lang/NoSuchMethodError'{0x00000000d68460d8}: 'int java.lang.invoke.DirectMethodHandle$Holder.invokeStaticInit(java.lang.Object, int, int)'> (0x00000000d68460d8) 
thrown [s\src\hotspot\share\interpreter\linkResolver.cpp, line 773]
Event: 5.530 Thread 0x000002a7a0aa69b0 Exception <a 'java/lang/NoSuchMethodError'{0x00000000d684e460}: 'int java.lang.invoke.DirectMethodHandle$Holder.invokeStaticInit(java.lang.Object, long, long)'> (0x00000000d684e460) 
thrown [s\src\hotspot\share\interpreter\linkResolver.cpp, line 773]
Event: 5.531 Thread 0x000002a7a0aa69b0 Exception <a 'java/lang/NoSuchMethodError'{0x00000000d6855e18}: 'int java.lang.invoke.DirectMethodHandle$Holder.invokeStaticInit(java.lang.Object, float, float)'> (0x00000000d6855e18) 
thrown [s\src\hotspot\share\interpreter\linkResolver.cpp, line 773]
Event: 5.532 Thread 0x000002a7a0aa69b0 Exception <a 'java/lang/NoSuchMethodError'{0x00000000d685d7c8}: 'int java.lang.invoke.DirectMethodHandle$Holder.invokeStaticInit(java.lang.Object, double, double)'> (0x00000000d685d7c8) 
thrown [s\src\hotspot\share\interpreter\linkResolver.cpp, line 773]
Event: 5.532 Thread 0x000002a7a0aa69b0 Exception <a 'java/lang/NoSuchMethodError'{0x00000000d6862c18}: 'int java.lang.invoke.DirectMethodHandle$Holder.invokeStatic(java.lang.Object, long)'> (0x00000000d6862c18) 
thrown [s\src\hotspot\share\interpreter\linkResolver.cpp, line 773]
Event: 5.590 Thread 0x000002a7a0aa69b0 Exception <a 'java/lang/NoSuchMethodError'{0x00000000d55976d0}: 'int java.lang.invoke.Invokers$Holder.linkToTargetMethod(java.lang.Object, java.lang.Object)'> (0x00000000d55976d0) 
thrown [s\src\hotspot\share\interpreter\linkResolver.cpp, line 773]
Event: 5.637 Thread 0x000002a7a0aa69b0 Exception <a 'java/lang/NoSuchMethodError'{0x00000000d568a8d0}: 'java.lang.Object java.lang.invoke.DirectMethodHandle$Holder.newInvokeSpecial(java.lang.Object, java.lang.Object, java.lang.Object, java.lang.Object, java.lang.Object)'> (0x00000000d568a8d0) 
thrown [s\src\hotspot\share\interpreter\linkResolver.cpp, line 773]
Event: 5.641 Thread 0x000002a7a0aa69b0 Exception <a 'java/lang/NoSuchMethodError'{0x00000000d56acbc8}: 'java.lang.Object java.lang.invoke.Invokers$Holder.invoke_MT(java.lang.Object, java.lang.Object, java.lang.Object, java.lang.Object, java.lang.Object, java.lang.Object, java.lang.Object, java.lang.Object, java.lang.Object, java.lang.Object, java.lang.Object)'> (0x00000000d56acbc8) 
thrown [s\src\hotspot\share\interpreter\linkResolver.cpp, line 773]
Event: 5.657 Thread 0x000002a7a0aa69b0 Exception <a 'java/lang/NoSuchMethodError'{0x00000000d573a730}: 'java.lang.Object java.lang.invoke.Invokers$Holder.invoke_MT(java.lang.Object, java.lang.Object, java.lang.Object, java.lang.Object, java.lang.Object, java.lang.Object, java.lang.Object, java.lang.Object, java.lang.Object, java.lang.Object)'> (0x00000000d573a730) 
thrown [s\src\hotspot\share\interpreter\linkResolver.cpp, line 773]
Event: 5.676 Thread 0x000002a7a0aa69b0 Exception <a 'java/lang/NoSuchMethodError'{0x00000000d57e4fa0}: 'java.lang.Object java.lang.invoke.DirectMethodHandle$Holder.newInvokeSpecial(java.lang.Object, java.lang.Object, java.lang.Object, java.lang.Object, java.lang.Object, java.lang.Object, java.lang.Object)'> (0x00000000d57e4fa0) 
thrown [s\src\hotspot\share\interpreter\linkResolver.cpp, line 773]
Event: 5.690 Thread 0x000002a7a0aa69b0 Exception <a 'java/lang/NoSuchMethodError'{0x00000000d585d350}: 'java.lang.Object java.lang.invoke.Invokers$Holder.invoker(java.lang.Object, java.lang.Object, java.lang.Object, java.lang.Object, java.lang.Object, java.lang.Object, java.lang.Object, java.lang.Object, java.lang.Object, java.lang.Object, java.lang.Object, java.lang.Object, java.lang.Object)'> (0x00000000d585d350) 
thrown [s\src\hotspot\share\interpreter\linkResolver.cpp, line 773]
Event: 5.690 Thread 0x000002a7a0aa69b0 Exception <a 'java/lang/NoSuchMethodError'{0x00000000d58677e8}: 'java.lang.Object java.lang.invoke.DelegatingMethodHandle$Holder.delegate(java.lang.Object, java.lang.Object, java.lang.Object, java.lang.Object, java.lang.Object, java.lang.Object, java.lang.Object, java.lang.Object, java.lang.Object, java.lang.Object, java.lang.Object, java.lang.Object, java.lang.Object)'> (0x00000000d58677e8) 
thrown [s\src\hotspot\share\interpreter\linkResolver.cpp, line 773]
Event: 5.699 Thread 0x000002a7a0aa69b0 Exception <a 'java/lang/NoSuchMethodError'{0x00000000d58cf128}: static Lorg/eclipse/m2e/core/internal/lifecyclemapping/model/PluginExecutionMetadata;.<clinit>()V> (0x00000000d58cf128) 
thrown [s\src\hotspot\share\prims\jni.cpp, line 1111]
Event: 5.707 Thread 0x000002a7a0aa69b0 Exception <a 'java/lang/NoSuchMethodError'{0x00000000d592ef28}: static Lorg/eclipse/m2e/core/internal/lifecyclemapping/model/PluginExecutionFilter;.<clinit>()V> (0x00000000d592ef28) 
thrown [s\src\hotspot\share\prims\jni.cpp, line 1111]
Event: 5.712 Thread 0x000002a7a0aa69b0 Exception <a 'java/lang/NoSuchMethodError'{0x00000000d595e478}: static Lorg/eclipse/m2e/core/internal/project/registry/MavenProjectFacade$MavenProjectConfiguration;.<clinit>()V> (0x00000000d595e478) 
thrown [s\src\hotspot\share\prims\jni.cpp, line 1111]
Event: 5.812 Thread 0x000002a7a0aa69b0 Exception <a 'java/lang/NoSuchMethodError'{0x00000000d5e28830}: 'double java.lang.invoke.DirectMethodHandle$Holder.invokeStatic(java.lang.Object, java.lang.Object)'> (0x00000000d5e28830) 
thrown [s\src\hotspot\share\interpreter\linkResolver.cpp, line 773]
Event: 5.812 Thread 0x000002a7a0aa69b0 Exception <a 'java/lang/NoSuchMethodError'{0x00000000d5e2bef0}: 'double java.lang.invoke.DirectMethodHandle$Holder.invokeStaticInit(java.lang.Object, java.lang.Object)'> (0x00000000d5e2bef0) 
thrown [s\src\hotspot\share\interpreter\linkResolver.cpp, line 773]
Event: 5.988 Thread 0x000002a7a0aa69b0 Exception <a 'java/io/FileNotFoundException'{0x00000000d5a02900}> (0x00000000d5a02900) 
thrown [s\src\hotspot\share\prims\jni.cpp, line 520]
Event: 5.988 Thread 0x000002a7a0aa69b0 Exception <a 'java/io/FileNotFoundException'{0x00000000d5a03730}> (0x00000000d5a03730) 
thrown [s\src\hotspot\share\prims\jni.cpp, line 520]
Event: 5.988 Thread 0x000002a7a0aa69b0 Exception <a 'java/io/FileNotFoundException'{0x00000000d5a04668}> (0x00000000d5a04668) 
thrown [s\src\hotspot\share\prims\jni.cpp, line 520]

ZGC Phase Switch (0 events):
No events

VM Operations (20 events):
Event: 4.038 Executing VM operation: ICBufferFull done
Event: 4.145 Executing VM operation: ParallelGCFailedAllocation (Allocation Failure)
Event: 4.149 Executing VM operation: ParallelGCFailedAllocation (Allocation Failure) done
Event: 5.160 Executing VM operation: Cleanup
Event: 5.161 Executing VM operation: Cleanup done
Event: 5.511 Executing VM operation: HandshakeAllThreads (Deoptimize)
Event: 5.511 Executing VM operation: HandshakeAllThreads (Deoptimize) done
Event: 5.533 Executing VM operation: CollectForMetadataAllocation (Metadata GC Threshold)
Event: 5.586 Executing VM operation: CollectForMetadataAllocation (Metadata GC Threshold) done
Event: 5.806 Executing VM operation: HandshakeAllThreads (Deoptimize)
Event: 5.818 Executing VM operation: HandshakeAllThreads (Deoptimize) done
Event: 5.955 Executing VM operation: ParallelGCFailedAllocation (Allocation Failure)
Event: 5.957 Executing VM operation: ParallelGCFailedAllocation (Allocation Failure) done
Event: 6.234 Executing VM operation: ParallelGCFailedAllocation (Allocation Failure)
Event: 6.237 Executing VM operation: ParallelGCFailedAllocation (Allocation Failure) done
Event: 7.237 Executing VM operation: Cleanup
Event: 7.315 Executing VM operation: Cleanup done
Event: 7.345 Executing VM operation: HandshakeAllThreads (Deoptimize)
Event: 7.346 Executing VM operation: HandshakeAllThreads (Deoptimize) done
Event: 8.352 Executing VM operation: Cleanup

Memory protections (0 events):
No events

Nmethod flushes (0 events):
No events

Events (20 events):
Event: 1.115 Thread 0x000002a742ba9c50 Thread added: 0x000002a7a0c112d0
Event: 1.362 Thread 0x000002a7a031f660 Thread exited: 0x000002a7a031f660
Event: 1.467 Thread 0x000002a742ba9c50 Thread added: 0x000002a7a0bb55d0
Event: 1.533 Thread 0x000002a7a0bb55d0 Thread added: 0x000002a7a0436780
Event: 1.536 Thread 0x000002a742ba9c50 Thread added: 0x000002a7a0aa69b0
Event: 1.695 Thread 0x000002a759640e00 Thread added: 0x000002a7a0c903f0
Event: 1.929 Thread 0x000002a7a0aa69b0 Thread added: 0x000002a7a0b11490
Event: 2.340 Thread 0x000002a7a0c903f0 Thread exited: 0x000002a7a0c903f0
Event: 2.340 Thread 0x000002a7a01cf8d0 Thread exited: 0x000002a7a01cf8d0
Event: 2.666 Thread 0x000002a75964e270 Thread added: 0x000002a7a14b7210
Event: 2.713 Thread 0x000002a7a0aa69b0 Thread added: 0x000002a7a1159f30
Event: 3.091 Thread 0x000002a7a0aa69b0 Thread added: 0x000002a7a0e469b0
Event: 3.418 Thread 0x000002a7a14b7210 Thread added: 0x000002a7a0ce8bf0
Event: 3.633 Thread 0x000002a7a0aa69b0 Thread added: 0x000002a7a0e46320
Event: 3.790 Thread 0x000002a7a0aa69b0 Thread added: 0x000002a7a0e448e0
Event: 3.817 Thread 0x000002a7a0aa69b0 Thread added: 0x000002a7a0e47040
Event: 4.034 Thread 0x000002a7a0e47040 Thread added: 0x000002a7a0e45c90
Event: 5.304 Thread 0x000002a7a0ce8bf0 Thread exited: 0x000002a7a0ce8bf0
Event: 5.869 Thread 0x000002a75964e270 Thread added: 0x000002a7a017d6b0
Event: 7.316 Thread 0x000002a7a0e45c90 Thread added: 0x000002a7a0e45600


Dynamic libraries:
0x00007ff7d2870000 - 0x00007ff7d287e000 	c:\Users\arjun\.vscode\extensions\redhat.java-1.49.0-win32-x64\jre\21.0.9-win32-x86_64\bin\java.exe
0x00007ff8cea20000 - 0x00007ff8cec86000 	C:\WINDOWS\SYSTEM32\ntdll.dll
0x00007ff8cdcf0000 - 0x00007ff8cddb9000 	C:\WINDOWS\System32\KERNEL32.DLL
0x00007ff8cbc30000 - 0x00007ff8cc02f000 	C:\WINDOWS\System32\KERNELBASE.dll
0x00007ff8c5430000 - 0x00007ff8c54cf000 	C:\WINDOWS\SYSTEM32\apphelp.dll
0x00007ff8cc3e0000 - 0x00007ff8cc52c000 	C:\WINDOWS\System32\ucrtbase.dll
0x00007ff8b69f0000 - 0x00007ff8b6a08000 	c:\Users\arjun\.vscode\extensions\redhat.java-1.49.0-win32-x64\jre\21.0.9-win32-x86_64\bin\jli.dll
0x00007ff8b6980000 - 0x00007ff8b699e000 	c:\Users\arjun\.vscode\extensions\redhat.java-1.49.0-win32-x64\jre\21.0.9-win32-x86_64\bin\VCRUNTIME140.dll
0x00007ff8ce720000 - 0x00007ff8ce8e6000 	C:\WINDOWS\System32\USER32.dll
0x00007ff8b0a30000 - 0x00007ff8b0cc1000 	C:\WINDOWS\WinSxS\amd64_microsoft.windows.common-controls_6595b64144ccf1df_6.0.26100.8972_none_3e0da176e32f9d4b\COMCTL32.dll
0x00007ff8cc540000 - 0x00007ff8cc567000 	C:\WINDOWS\System32\win32u.dll
0x00007ff8cd6e0000 - 0x00007ff8cd789000 	C:\WINDOWS\System32\msvcrt.dll
0x00007ff8cd440000 - 0x00007ff8cd46b000 	C:\WINDOWS\System32\GDI32.dll
0x00007ff8cc570000 - 0x00007ff8cc699000 	C:\WINDOWS\System32\gdi32full.dll
0x00007ff8cc6a0000 - 0x00007ff8cc743000 	C:\WINDOWS\System32\msvcp_win.dll
0x00007ff8cdca0000 - 0x00007ff8cdcd2000 	C:\WINDOWS\System32\IMM32.DLL
0x00007ff8c3400000 - 0x00007ff8c340c000 	c:\Users\arjun\.vscode\extensions\redhat.java-1.49.0-win32-x64\jre\21.0.9-win32-x86_64\bin\vcruntime140_1.dll
0x00007ff890a50000 - 0x00007ff890add000 	c:\Users\arjun\.vscode\extensions\redhat.java-1.49.0-win32-x64\jre\21.0.9-win32-x86_64\bin\msvcp140.dll
0x00007ff8658b0000 - 0x00007ff866650000 	c:\Users\arjun\.vscode\extensions\redhat.java-1.49.0-win32-x64\jre\21.0.9-win32-x86_64\bin\server\jvm.dll
0x00007ff8cd370000 - 0x00007ff8cd42c000 	C:\WINDOWS\System32\ADVAPI32.dll
0x00007ff8cddc0000 - 0x00007ff8cde6a000 	C:\WINDOWS\System32\sechost.dll
0x00007ff8cdb80000 - 0x00007ff8cdc98000 	C:\WINDOWS\System32\RPCRT4.dll
0x00007ff8ccf00000 - 0x00007ff8ccf82000 	C:\WINDOWS\System32\WS2_32.dll
0x00007ff8cba90000 - 0x00007ff8cbaee000 	C:\WINDOWS\SYSTEM32\POWRPROF.dll
0x00007ff8b2b90000 - 0x00007ff8b2bc6000 	C:\WINDOWS\SYSTEM32\WINMM.dll
0x00007ff8ba660000 - 0x00007ff8ba66b000 	C:\WINDOWS\SYSTEM32\VERSION.dll
0x00007ff8cba70000 - 0x00007ff8cba85000 	C:\WINDOWS\SYSTEM32\UMPDC.dll
0x00007ff8ca8f0000 - 0x00007ff8ca90b000 	C:\WINDOWS\SYSTEM32\kernel.appcore.dll
0x00007ff8c3350000 - 0x00007ff8c335a000 	c:\Users\arjun\.vscode\extensions\redhat.java-1.49.0-win32-x64\jre\21.0.9-win32-x86_64\bin\jimage.dll
0x00007ff8c6150000 - 0x00007ff8c6392000 	C:\WINDOWS\SYSTEM32\DBGHELP.DLL
0x00007ff8ccf90000 - 0x00007ff8cd315000 	C:\WINDOWS\System32\combase.dll
0x00007ff8ce620000 - 0x00007ff8ce6f9000 	C:\WINDOWS\System32\OLEAUT32.dll
0x00007ff89edf0000 - 0x00007ff89ee2b000 	C:\WINDOWS\SYSTEM32\dbgcore.DLL
0x00007ff8cc1d0000 - 0x00007ff8cc27c000 	C:\WINDOWS\System32\bcryptPrimitives.dll
0x00007ff8c0b20000 - 0x00007ff8c0b2f000 	c:\Users\arjun\.vscode\extensions\redhat.java-1.49.0-win32-x64\jre\21.0.9-win32-x86_64\bin\instrument.dll
0x00007ff8b5db0000 - 0x00007ff8b5dd0000 	c:\Users\arjun\.vscode\extensions\redhat.java-1.49.0-win32-x64\jre\21.0.9-win32-x86_64\bin\java.dll
0x00007ff8cde90000 - 0x00007ff8ce618000 	C:\WINDOWS\System32\SHELL32.dll
0x00007ff8c96b0000 - 0x00007ff8c9f4b000 	C:\WINDOWS\SYSTEM32\windows.storage.dll
0x00007ff8cd790000 - 0x00007ff8cd889000 	C:\WINDOWS\System32\SHCORE.dll
0x00007ff8ce8f0000 - 0x00007ff8ce956000 	C:\WINDOWS\System32\shlwapi.dll
0x00007ff8cbb50000 - 0x00007ff8cbb79000 	C:\WINDOWS\SYSTEM32\profapi.dll
0x00007ff8b5cc0000 - 0x00007ff8b5cd8000 	c:\Users\arjun\.vscode\extensions\redhat.java-1.49.0-win32-x64\jre\21.0.9-win32-x86_64\bin\zip.dll
0x00007ff8ba630000 - 0x00007ff8ba640000 	C:\Users\arjun\.vscode\extensions\redhat.java-1.49.0-win32-x64\jre\21.0.9-win32-x86_64\bin\net.dll
0x00007ff8c0390000 - 0x00007ff8c04b8000 	C:\WINDOWS\SYSTEM32\WINHTTP.dll
0x00007ff8caed0000 - 0x00007ff8caf3c000 	C:\WINDOWS\system32\mswsock.dll
0x00007ff8b5ca0000 - 0x00007ff8b5cb6000 	C:\Users\arjun\.vscode\extensions\redhat.java-1.49.0-win32-x64\jre\21.0.9-win32-x86_64\bin\nio.dll
0x00007ff8b8370000 - 0x00007ff8b8380000 	c:\Users\arjun\.vscode\extensions\redhat.java-1.49.0-win32-x64\jre\21.0.9-win32-x86_64\bin\verify.dll
0x00007ff89c630000 - 0x00007ff89c674000 	C:\Users\arjun\AppData\Roaming\Code\User\globalStorage\redhat.java\1.49.0\config_win\org.eclipse.equinox.launcher\org.eclipse.equinox.launcher.win32.win32.x86_64_1.2.1400.v20250801-0854\eclipse_11916.dll
0x00007ff8cd8b0000 - 0x00007ff8cda49000 	C:\WINDOWS\System32\ole32.dll
0x00007ff8cb1c0000 - 0x00007ff8cb1db000 	C:\WINDOWS\SYSTEM32\CRYPTSP.dll
0x00007ff8ca850000 - 0x00007ff8ca889000 	C:\WINDOWS\system32\rsaenh.dll
0x00007ff8caf80000 - 0x00007ff8cafb2000 	C:\WINDOWS\SYSTEM32\USERENV.dll
0x00007ff8cbb20000 - 0x00007ff8cbb4a000 	C:\WINDOWS\SYSTEM32\bcrypt.dll
0x00007ff8cb1e0000 - 0x00007ff8cb1ec000 	C:\WINDOWS\SYSTEM32\CRYPTBASE.dll
0x00007ff8ca280000 - 0x00007ff8ca2b3000 	C:\WINDOWS\SYSTEM32\IPHLPAPI.DLL
0x00007ff8cde80000 - 0x00007ff8cde8a000 	C:\WINDOWS\System32\NSI.dll
0x00007ff899b90000 - 0x00007ff899bd9000 	C:\Users\arjun\AppData\Local\Temp\jna-93083314\jna3488054110453980859.dll
0x00007ff8cde70000 - 0x00007ff8cde78000 	C:\WINDOWS\System32\PSAPI.DLL

JVMTI agents:
c:\Users\arjun\.vscode\extensions\redhat.java-1.49.0-win32-x64\lombok\lombok-1.18.39-4050.jar path:c:\Users\arjun\.vscode\extensions\redhat.java-1.49.0-win32-x64\jre\21.0.9-win32-x86_64\bin\instrument.dll, loaded, initialized, instrumentlib options:none

dbghelp: loaded successfully - version: 4.0.5 - missing functions: none
symbol engine: initialized successfully - sym options: 0x614 - pdb path: .;c:\Users\arjun\.vscode\extensions\redhat.java-1.49.0-win32-x64\jre\21.0.9-win32-x86_64\bin;C:\WINDOWS\SYSTEM32;C:\WINDOWS\WinSxS\amd64_microsoft.windows.common-controls_6595b64144ccf1df_6.0.26100.8972_none_3e0da176e32f9d4b;c:\Users\arjun\.vscode\extensions\redhat.java-1.49.0-win32-x64\jre\21.0.9-win32-x86_64\bin\server;C:\Users\arjun\AppData\Roaming\Code\User\globalStorage\redhat.java\1.49.0\config_win\org.eclipse.equinox.launcher\org.eclipse.equinox.launcher.win32.win32.x86_64_1.2.1400.v20250801-0854;C:\Users\arjun\AppData\Local\Temp\jna-93083314

VM Arguments:
jvm_args: --add-modules=ALL-SYSTEM --add-opens=java.base/java.util=ALL-UNNAMED --add-opens=java.base/java.lang=ALL-UNNAMED --add-opens=java.base/sun.nio.fs=ALL-UNNAMED -Declipse.application=org.eclipse.jdt.ls.core.id1 -Dosgi.bundles.defaultStartLevel=4 -Declipse.product=org.eclipse.jdt.ls.core.product -Djava.import.generatesMetadataFilesAtProjectRoot=false -DDetectVMInstallationsJob.disabled=true -Dfile.encoding=utf8 -XX:+UseParallelGC -XX:GCTimeRatio=4 -XX:AdaptiveSizePolicyWeight=90 -Dsun.zip.disableMemoryMapping=true -Xmx2G -Xms100m -Xlog:disable -javaagent:c:\Users\arjun\.vscode\extensions\redhat.java-1.49.0-win32-x64\lombok\lombok-1.18.39-4050.jar -XX:+HeapDumpOnOutOfMemoryError -XX:HeapDumpPath=c:\Users\arjun\AppData\Roaming\Code\User\workspaceStorage\d115118c762e4da443f6de4e82cb39ad\redhat.java -Daether.dependencyCollector.impl=bf 
java_command: c:\Users\arjun\.vscode\extensions\redhat.java-1.49.0-win32-x64\server\plugins\org.eclipse.equinox.launcher_1.7.100.v20251111-0406.jar -configuration c:\Users\arjun\AppData\Roaming\Code\User\globalStorage\redhat.java\1.49.0\config_win -data c:\Users\arjun\AppData\Roaming\Code\User\workspaceStorage\d115118c762e4da443f6de4e82cb39ad\redhat.java\jdt_ws --pipe=\\.\pipe\lsp-7685cf49df6ffb086fa89a8fda712b98-sock
java_class_path (initial): c:\Users\arjun\.vscode\extensions\redhat.java-1.49.0-win32-x64\server\plugins\org.eclipse.equinox.launcher_1.7.100.v20251111-0406.jar
Launcher Type: SUN_STANDARD

[Global flags]
    uintx AdaptiveSizePolicyWeight                 = 90                                        {product} {command line}
     intx CICompilerCount                          = 4                                         {product} {ergonomic}
    uintx GCTimeRatio                              = 4                                         {product} {command line}
     bool HeapDumpOnOutOfMemoryError               = true                                   {manageable} {command line}
    ccstr HeapDumpPath                             = c:\Users\arjun\AppData\Roaming\Code\User\workspaceStorage\d115118c762e4da443f6de4e82cb39ad\redhat.java         {manageable} {command line}
   size_t InitialHeapSize                          = 104857600                                 {product} {command line}
   size_t MaxHeapSize                              = 2147483648                                {product} {command line}
   size_t MaxNewSize                               = 715653120                                 {product} {ergonomic}
   size_t MinHeapDeltaBytes                        = 524288                                    {product} {ergonomic}
   size_t MinHeapSize                              = 104857600                                 {product} {command line}
   size_t NewSize                                  = 34603008                                  {product} {ergonomic}
    uintx NonNMethodCodeHeapSize                   = 5839372                                {pd product} {ergonomic}
    uintx NonProfiledCodeHeapSize                  = 122909434                              {pd product} {ergonomic}
   size_t OldSize                                  = 70254592                                  {product} {ergonomic}
    uintx ProfiledCodeHeapSize                     = 122909434                              {pd product} {ergonomic}
    uintx ReservedCodeCacheSize                    = 251658240                              {pd product} {ergonomic}
     bool SegmentedCodeCache                       = true                                      {product} {ergonomic}
   size_t SoftMaxHeapSize                          = 2147483648                             {manageable} {ergonomic}
     bool UseCompressedOops                        = true                           {product lp64_product} {ergonomic}
     bool UseLargePagesIndividualAllocation        = false                                  {pd product} {ergonomic}
     bool UseParallelGC                            = true                                      {product} {command line}

Logging:
Log output configuration:
 #0: stdout all=off uptime,level,tags foldmultilines=false
 #1: stderr all=off uptime,level,tags foldmultilines=false

Release file:
JAVA_VERSION="21.0.9" 
MODULES="java.base java.compiler java.datatransfer java.xml java.prefs java.desktop java.instrument java.logging java.management java.security.sasl java.naming java.rmi java.management.rmi java.net.http java.scripting java.security.jgss java.transaction.xa java.sql java.sql.rowset java.xml.crypto java.se java.smartcardio jdk.accessibility jdk.internal.jvmstat jdk.attach jdk.charsets jdk.internal.opt jdk.zipfs jdk.compiler jdk.crypto.ec jdk.crypto.cryptoki jdk.crypto.mscapi jdk.dynalink jdk.internal.ed jdk.editpad jdk.hotspot.agent jdk.httpserver jdk.internal.le jdk.internal.vm.ci jdk.internal.vm.compiler jdk.internal.vm.compiler.management jdk.jartool jdk.javadoc jdk.jcmd jdk.management jdk.management.agent jdk.jconsole jdk.jdeps jdk.jdwp.agent jdk.jdi jdk.jfr jdk.jshell jdk.jsobject jdk.jstatd jdk.localedata jdk.management.jfr jdk.naming.dns jdk.naming.rmi jdk.net jdk.nio.mapmode jdk.random jdk.sctp jdk.security.auth jdk.security.jgss jdk.unsupported jdk.unsupported.desktop jdk.xml.dom" 

Environment Variables:
PATH=C:\Program Files\Common Files\Oracle\Java\javapath;C:\Windows\system32;C:\Windows;C:\Windows\System32\Wbem;C:\Windows\System32\WindowsPowerShell\v1.0\;C:\Windows\System32\OpenSSH\;C:\Program Files (x86)\NVIDIA Corporation\PhysX\Common;C:\Program Files\Intel\WiFi\bin\;C:\Program Files\Common Files\Intel\WirelessCommon\;C:\WINDOWS\system32;C:\WINDOWS;C:\WINDOWS\System32\Wbem;C:\WINDOWS\System32\WindowsPowerShell\v1.0\;C:\WINDOWS\System32\OpenSSH\;C:\Program Files\Docker\Docker\resources\bin;C:\Program Files\Git\cmd;c:\Users\arjun\AppData\Local\Programs\cursor\resources\app\codeBin;C:\Users\arjun\AppData\Local\Programs\Python\Launcher\;C:\Program Files\cursor\resources\app\bin;C:\Users\arjun\AppData\Local\Microsoft\WindowsApps;C:\Users\arjun\AppData\Local\Programs\Microsoft VS Code\bin;C:\Users\arjun\.local\bin;C:\Users\arjun\AppData\Local\Programs\Ollama;C:\Program Files\usbipd-win;C:\Program Files\usbipd-win;C:\Program Files\usbipd-win\;C:\Program Files\Tailscale\;C:\Users\arjun\AppData\Local\Programs\Python\Python311\Scripts\;C:\Users\arjun\AppData\Local\Programs\Python\Python311\;c:\Users\arjun\AppData\Local\Programs\cursor\resources\app\codeBin;C:\Users\arjun\AppData\Local\Programs\Python\Launcher\;C:\Program Files\Common Files\Oracle\Java\javapath;C:\Windows\system32;C:\Windows;C:\Windows\System32\Wbem;C:\Windows\System32\WindowsPowerShell\v1.0\;C:\Windows\System32\OpenSSH\;C:\Program Files (x86)\NVIDIA Corporation\PhysX\Common;C:\Program Files\Intel\WiFi\bin\;C:\Program Files\Common Files\Intel\WirelessCommon\;C:\WINDOWS\system32;C:\WINDOWS;C:\WINDOWS\System32\Wbem;C:\WINDOWS\System32\WindowsPowerShell\v1.0\;C:\WINDOWS\System32\OpenSSH\;C:\Program Files\cursor\resources\app\bin;C:\Program Files\Docker\Docker\resources\bin;C:\Users\arjun\AppData\Local\Microsoft\WindowsApps;C:\Users\arjun\AppData\Local\Programs\Microsoft VS Code\bin;C:\Users\arjun\.local\bin;C:\Users\arjun\AppData\Local\Programs\Ollama
USERNAME=arjun
OS=Windows_NT
PROCESSOR_IDENTIFIER=Intel64 Family 6 Model 142 Stepping 12, GenuineIntel
TMP=C:\Users\arjun\AppData\Local\Temp
TEMP=C:\Users\arjun\AppData\Local\Temp




Periodic native trim disabled

---------------  S Y S T E M  ---------------

OS:
 Windows 11 , 64 bit Build 26100 (10.0.26100.9168)
OS uptime: 1 days 1:40 hours
Hyper-V role detected

CPU: total 8 (initial active 8) (4 cores per cpu, 2 threads per core) family 6 model 142 stepping 12 microcode 0xde, cx8, cmov, fxsr, ht, mmx, 3dnowpref, sse, sse2, sse3, ssse3, sse4.1, sse4.2, popcnt, lzcnt, tsc, tscinvbit, avx, avx2, aes, erms, clmul, bmi1, bmi2, adx, fma, vzeroupper, clflush, clflushopt, hv, rdtscp, f16c
Processor Information for the first 8 processors :
  Max Mhz: 1992, Current Mhz: 1792, Mhz Limit: 1792

Memory: 4k page, system-wide physical 8043M (1450M free)
TotalPageFile size 8043M (AvailPageFile size 323M)
current process WorkingSet (physical memory assigned to process): 152M, peak: 152M
current process commit charge ("private bytes"): 280M, peak: 282M

vm_info: OpenJDK 64-Bit Server VM (21.0.9+10-LTS) for windows-amd64 JRE (21.0.9+10-LTS), built on 2025-10-21T00:00:00Z by "admin" with unknown MS VC++:1942

END.
